id,target
0,9
1,15
2,0
3,2
4,3
5,1
6,8
7,7
8,1
9,15
10,6
11,7
12,6
13,0
14,6
15,6
16,12
17,10
18,3
19,4
20,4
21,12
22,8
23,3
24,7
25,11
26,0
27,3
28,0
29,10
30,4
31,7
32,13
33,8
34,7
35,4
36,10
37,15
38,2
39,6
40,13
41,12
42,14
43,5
44,6
45,15
46,7
47,6
48,14
49,0
50,2
51,5
52,0
53,1
54,11
55,15
56,12
57,9
58,6
59,7
60,11
61,13
62,2
63,0
64,11
65,11
66,15
67,5
68,12
69,9
70,0
71,2
72,6
73,8
74,10
75,0
76,5
77,4
78,3
79,4
80,0
81,0
82,6
83,3
84,5
85,8
86,14
87,11
88,2
89,12
90,11
91,5
92,2
93,3
94,12
95,12
96,2
97,0
98,2
99,8
100,0
101,7
102,6
103,9
104,12
105,0
106,2
107,4
108,7
109,13
110,3
111,13
112,11
113,6
114,5
115,3
116,0
117,5
118,7
119,8
120,0
121,10
122,7
123,6
124,11
125,4
126,3
127,4
128,7
129,7
130,10
131,5
132,6
133,11
134,11
135,4
136,6
137,5
138,2
139,4
140,2
141,2
142,1
143,10
144,6
145,11
146,2
147,7
148,2
149,12
150,5
151,3
152,15
153,1
154,10
155,6
156,10
157,4
158,0
159,6
160,13
161,1
162,0
163,7
164,3
165,9
166,13
167,8
168,6
169,15
170,0
171,15
172,8
173,4
174,6
175,14
176,3
177,0
178,1
179,15
180,14
181,12
182,0
183,3
184,1
185,9
186,13
187,12
188,9
189,11
190,12
191,7
192,11
193,6
194,14
195,3
196,1
197,1
198,7
199,1
200,11
201,1
202,14
203,13
204,6
205,14
206,5
207,3
208,4
209,9
210,1
211,2
212,4
213,10
214,10
215,8
216,14
217,12
218,15
219,3
220,4
221,8
222,0
223,3
224,11
225,9
226,3
227,0
228,4
229,2
230,11
231,14
232,13
233,2
234,10
235,3
236,15
237,1
238,2
239,8
240,4
241,13
242,13
243,5
244,13
245,11
246,1
247,0
248,8
249,9
250,5
251,12
252,11
253,1
254,0
255,9
256,3
257,2
258,0
259,8
260,5
261,5
262,11
263,8
264,6
265,9
266,15
267,1
268,8
269,12
270,14
271,7
272,11
273,13
274,5
275,13
276,7
277,6
278,13
279,0
280,7
281,13
282,1
283,4
284,15
285,9
286,5
287,8
288,14
289,4
290,8
291,12
292,5
293,3
294,10
295,8
296,8
297,12
298,13
299,5
300,8
301,15
302,8
303,5
304,2
305,3
306,6
307,1
308,13
309,4
310,13
311,1
312,5
313,9
314,15
315,2
316,7
317,12
318,0
319,14
320,3
321,6
322,6
323,14
324,12
325,12
326,3
327,10
328,14
329,6
330,15
331,12
332,2
333,14
334,4
335,10
336,8
337,0
338,13
339,6
340,2
341,0
342,4
343,10
344,15
345,12
346,11
347,12
348,10
349,12
350,14
351,0
352,12
353,0
354,13
355,12
356,13
357,14
358,2
359,9
360,15
361,10
362,0
363,14
364,12
365,2
366,2
367,0
368,8
369,2
370,15
371,3
372,11
373,2
374,6
375,11
376,4
377,8
378,13
379,4
380,7
381,12
382,7
383,14
384,2
385,3
386,0
387,9
388,13
389,1
390,0
391,13
392,6
393,6
394,15
395,10
396,6
397,8
398,4
399,2
400,6
401,11
402,9
403,11
404,7
405,11
406,15
407,12
408,11
409,5
410,11
411,10
412,13
413,14
414,4
415,7
416,8
417,9
418,12
419,9
420,12
421,14
422,13
423,12
424,1
425,7
426,11
427,1
428,5
429,12
430,4
431,14
432,6
433,15
434,13
435,6
436,12
437,3
438,10
439,5
440,1
441,10
442,8
443,12
444,1
445,6
446,0
447,4
448,9
449,0
450,8
451,9
452,13
453,9
454,1
455,3
456,11
457,14
458,5
459,6
460,5
461,12
462,8
463,6
464,0
465,7
466,11
467,12
468,14
469,1
470,13
471,5
472,7
473,0
474,12
475,6
476,15
477,3
478,14
479,7
480,8
481,6
482,3
483,4
484,6
485,3
486,6
487,12
488,2
489,11
490,2
491,14
492,13
493,11
494,15
495,6
496,5
497,4
498,12
499,13
500,3
501,4
502,15
503,7
504,10
505,9
506,15
507,2
508,6
509,12
510,9
511,9
512,8
513,2
514,14
515,8
516,1
517,7
518,2
519,1
520,2
521,10
522,4
523,5
524,14
525,11
526,2
527,8
528,6
529,3
530,13
531,0
532,11
533,14
534,10
535,1
536,8
537,7
538,3
539,13
540,7
541,14
542,3
543,3
544,9
545,5
546,8
547,10
548,4
549,0
550,6
551,3
552,15
553,14
554,11
555,3
556,11
557,1
558,6
559,12
560,14
561,8
562,6
563,12
564,14
565,8
566,14
567,14
568,7
569,13
570,12
571,10
572,13
573,13
574,14
575,9
576,3
577,5
578,4
579,8
580,13
581,8
582,4
583,9
584,15
585,3
586,9
587,7
588,1
589,3
590,8
591,12
592,11
593,15
594,1
595,4
596,1
597,4
598,10
599,2
600,7
601,0
602,7
603,7
604,4
605,1
606,3
607,6
608,2
609,14
610,9
611,10
612,13
613,10
614,14
615,13
616,0
617,2
618,0
619,9
620,5
621,3
622,15
623,4
624,5
625,0
626,2
627,15
628,4
629,12
630,13
631,8
632,7
633,9
634,0
635,6
636,2
637,10
638,13
639,14
640,5
641,2
642,1
643,6
644,8
645,10
646,4
647,8
648,15
649,12
650,15
651,13
652,5
653,6
654,8
655,4
656,6
657,14
658,5
659,4
660,2
661,5
662,14
663,5
664,13
665,9
666,7
667,4
668,6
669,2
670,5
671,3
672,2
673,13
674,5
675,11
676,11
677,6
678,11
679,13
680,11
681,10
682,0
683,14
684,7
685,14
686,3
687,11
688,0
689,6
690,9
691,6
692,11
693,15
694,13
695,5
696,3
697,15
698,15
699,9
700,5
701,12
702,9
703,15
704,1
705,10
706,3
707,11
708,9
709,5
710,1
711,14
712,9
713,11
714,15
715,0
716,13
717,1
718,12
719,11
720,13
721,12
722,8
723,10
724,3
725,7
726,7
727,3
728,5
729,7
730,0
731,4
732,8
733,10
734,7
735,9
736,14
737,8
738,8
739,11
740,14
741,13
742,12
743,4
744,15
745,6
746,12
747,14
748,9
749,7
750,15
751,11
752,0
753,12
754,2
755,13
756,7
757,8
758,4
759,11
760,10
761,12
762,2
763,13
764,11
765,9
766,3
767,7
768,15
769,4
770,8
771,6
772,8
773,14
774,1
775,11
776,8
777,13
778,15
779,9
780,12
781,7
782,13
783,4
784,11
785,1
786,7
787,11
788,10
789,0
790,13
791,6
792,10
793,5
794,10
795,2
796,8
797,11
798,5
799,12
800,1
801,1
802,13
803,15
804,15
805,7
806,3
807,7
808,15
809,4
810,0
811,8
812,3
813,15
814,15
815,10
816,3
817,5
818,12
819,2
820,1
821,2
822,10
823,15
824,3
825,8
826,11
827,0
828,0
829,11
830,2
831,2
832,3
833,1
834,7
835,9
836,3
837,7
838,10
839,4
840,14
841,10
842,2
843,1
844,11
845,6
846,7
847,7
848,5
849,7
850,3
851,10
852,3
853,6
854,3
855,7
856,10
857,6
858,1
859,2
860,0
861,9
862,7
863,4
864,8
865,11
866,14
867,2
868,6
869,11
870,7
871,7
872,7
873,5
874,6
875,8
876,9
877,11
878,15
879,15
880,9
881,14
882,14
883,8
884,7
885,12
886,4
887,9
888,11
889,2
890,13
891,5
892,5
893,10
894,2
895,11
896,7
897,7
898,5
899,6
900,6
901,14
902,14
903,0
904,5
905,5
906,2
907,1
908,11
909,13
910,5
911,11
912,6
913,5
914,3
915,9
916,13
917,7
918,8
919,2
920,15
921,13
922,9
923,13
924,13
925,15
926,10
927,4
928,3
929,6
930,3
931,3
932,5
933,1
934,8
935,6
936,14
937,2
938,7
939,15
940,5
941,6
942,12
943,8
944,12
945,1
946,5
947,15
948,2
949,14
950,12
951,4
952,10
953,15
954,9
955,0
956,5
957,14
958,13
959,5
960,4
961,10
962,4
963,1
964,11
965,10
966,1
967,1
968,7
969,6
970,6
971,7
972,6
973,15
974,15
975,10
976,5
977,14
978,13
979,12
980,11
981,0
982,11
983,2
984,14
985,5
986,6
987,12
988,1
989,4
990,12
991,5
992,4
993,10
994,15
995,0
996,15
997,0
998,13
999,15
1000,15
1001,3
1002,9
1003,12
1004,9
1005,1
1006,6
1007,2
1008,12
1009,13
1010,1
1011,8
1012,1
1013,2
1014,13
1015,13
1016,7
1017,1
1018,14
1019,11
1020,9
1021,15
1022,5
1023,3
1024,2
1025,10
1026,15
1027,4
1028,8
1029,5
1030,13
1031,10
1032,7
1033,15
1034,12
1035,8
1036,4
1037,14
1038,10
1039,4
1040,1
1041,14
1042,4
1043,0
1044,11
1045,3
1046,5
1047,0
1048,7
1049,2
1050,11
1051,0
1052,1
1053,1
1054,13
1055,10
1056,4
1057,13
1058,2
1059,4
1060,14
1061,1
1062,14
1063,13
1064,15
1065,12
1066,11
1067,6
1068,11
1069,4
1070,15
1071,14
1072,9
1073,8
1074,7
1075,2
1076,1
1077,0
1078,12
1079,1
1080,11
1081,12
1082,14
1083,6
1084,7
1085,10
1086,12
1087,4
1088,2
1089,9
1090,13
1091,1
1092,13
1093,13
1094,3
1095,11
1096,8
1097,15
1098,8
1099,13
1100,0
1101,0
1102,6
1103,7
1104,3
1105,13
1106,12
1107,7
1108,12
1109,2
1110,11
1111,7
1112,13
1113,12
1114,13
1115,6
1116,7
1117,2
1118,8
1119,3
1120,0
1121,14
1122,14
1123,1
1124,3
1125,1
1126,11
1127,3
1128,2
1129,6
1130,0
1131,3
1132,13
1133,11
1134,11
1135,4
1136,6
1137,3
1138,5
1139,0
1140,9
1141,8
1142,3
1143,2
1144,14
1145,11
1146,8
1147,7
1148,9
1149,5
1150,3
1151,15
1152,15
1153,0
1154,9
1155,13
1156,10
1157,1
1158,15
1159,9
1160,11
1161,8
1162,14
1163,9
1164,6
1165,1
1166,14
1167,6
1168,0
1169,11
1170,3
1171,4
1172,7
1173,11
1174,2
1175,3
1176,12
1177,5
1178,8
1179,13
1180,5
1181,1
1182,5
1183,7
1184,1
1185,12
1186,4
1187,6
1188,6
1189,8
1190,2
1191,14
1192,9
1193,0
1194,10
1195,1
1196,5
1197,5
1198,2
1199,11
1200,15
1201,11
1202,4
1203,1
1204,2
1205,9
1206,8
1207,2
1208,7
1209,3
1210,7
1211,6
1212,9
1213,10
1214,2
1215,10
1216,10
1217,8
1218,11
1219,2
1220,11
1221,12
1222,2
1223,6
1224,7
1225,6
1226,5
1227,6
1228,10
1229,12
1230,12
1231,8
1232,4
1233,7
1234,10
1235,0
1236,10
1237,1
1238,1
1239,7
1240,6
1241,8
1242,4
1243,14
1244,7
1245,8
1246,13
1247,15
1248,9
1249,12
1250,15
1251,6
1252,7
1253,14
1254,7
1255,14
1256,1
1257,5
1258,14
1259,10
1260,3
1261,13
1262,9
1263,10
1264,11
1265,1
1266,6
1267,0
1268,1
1269,4
1270,9
1271,6
1272,15
1273,7
1274,9
1275,8
1276,3
1277,6
1278,5
1279,13
1280,10
1281,7
1282,2
1283,4
1284,6
1285,13
1286,7
1287,8
1288,9
1289,1
1290,15
1291,0
1292,13
1293,0
1294,9
1295,8
1296,5
1297,7
1298,11
1299,9
1300,14
1301,2
1302,2
1303,8
1304,2
1305,5
1306,12
1307,6
1308,5
1309,12
1310,6
1311,1
1312,1
1313,10
1314,13
1315,14
1316,13
1317,7
1318,6
1319,3
1320,1
1321,15
1322,3
1323,7
1324,13
1325,1
1326,2
1327,10
1328,13
1329,0
1330,1
1331,5
1332,3
1333,0
1334,13
1335,13
1336,4
1337,5
1338,0
1339,1
1340,14
1341,5
1342,1
1343,9
1344,15
1345,8
1346,5
1347,3
1348,4
1349,7
1350,13
1351,7
1352,0
1353,12
1354,15
1355,8
1356,7
1357,0
1358,2
1359,12
1360,10
1361,3
1362,4
1363,11
1364,7
1365,3
1366,8
1367,4
1368,5
1369,13
1370,5
1371,1
1372,15
1373,7
1374,2
1375,3
1376,9
1377,10
1378,12
1379,7
1380,0
1381,2
1382,8
1383,2
1384,0
1385,9
1386,0
1387,5
1388,1
1389,11
1390,10
1391,7
1392,15
1393,3
1394,1
1395,11
1396,10
1397,9
1398,1
1399,10
1400,6
1401,3
1402,12
1403,1
1404,0
1405,13
1406,10
1407,14
1408,9
1409,2
1410,3
1411,14
1412,5
1413,13
1414,2
1415,11
1416,1
1417,4
1418,1
1419,1
1420,6
1421,11
1422,8
1423,5
1424,15
1425,15
1426,6
1427,6
1428,13
1429,12
1430,10
1431,12
1432,14
1433,14
1434,0
1435,8
1436,13
1437,2
1438,12
1439,13
1440,12
1441,6
1442,15
1443,15
1444,13
1445,1
1446,3
1447,6
1448,7
1449,11
1450,5
1451,0
1452,0
1453,13
1454,7
1455,2
1456,3
1457,13
1458,10
1459,8
1460,0
1461,1
1462,7
1463,14
1464,1
1465,9
1466,4
1467,10
1468,11
1469,6
1470,5
1471,2
1472,10
1473,3
1474,10
1475,4
1476,9
1477,12
1478,5
1479,14
1480,10
1481,13
1482,13
1483,5
1484,2
1485,4
1486,14
1487,12
1488,14
1489,7
1490,6
1491,11
1492,0
1493,12
1494,9
1495,6
1496,8
1497,9
1498,3
1499,1
1500,7
1501,8
1502,3
1503,15
1504,6
1505,11
1506,5
1507,5
1508,2
1509,13
1510,13
1511,4
1512,8
1513,11
1514,11
1515,10
1516,7
1517,9
1518,13
1519,6
1520,2
1521,6
1522,10
1523,5
1524,6
1525,3
1526,1
1527,11
1528,3
1529,0
1530,1
1531,1
1532,4
1533,1
1534,3
1535,6
1536,5
1537,12
1538,5
1539,6
1540,13
1541,5
1542,4
1543,2
1544,7
1545,6
1546,6
1547,0
1548,14
1549,3
1550,2
1551,11
1552,4
1553,1
1554,10
1555,4
1556,0
1557,4
1558,9
1559,10
1560,5
1561,1
1562,12
1563,6
1564,12
1565,11
1566,6
1567,11
1568,9
1569,12
1570,8
1571,13
1572,2
1573,3
1574,15
1575,6
1576,7
1577,2
1578,8
1579,9
1580,4
1581,5
1582,3
1583,9
1584,6
1585,3
1586,10
1587,11
1588,9
1589,5
1590,0
1591,7
1592,10
1593,7
1594,10
1595,2
1596,2
1597,3
1598,9
1599,11
1600,2
1601,12
1602,2
1603,14
1604,2
1605,15
1606,1
1607,3
1608,3
1609,10
1610,9
1611,0
1612,0
1613,10
1614,0
1615,1
1616,6
1617,8
1618,2
1619,5
1620,15
1621,2
1622,13
1623,1
1624,11
1625,9
1626,4
1627,2
1628,15
1629,10
1630,9
1631,7
1632,10
1633,9
1634,12
1635,0
1636,5
1637,11
1638,11
1639,5
1640,12
1641,15
1642,8
1643,14
1644,4
1645,1
1646,10
1647,1
1648,14
1649,13
1650,6
1651,14
1652,3
1653,7
1654,7
1655,4
1656,8
1657,10
1658,12
1659,8
1660,10
1661,1
1662,6
1663,6
1664,5
1665,6
1666,9
1667,9
1668,4
1669,4
1670,5
1671,10
1672,8
1673,5
1674,0
1675,5
1676,12
1677,5
1678,14
1679,12
1680,15
1681,8
1682,8
1683,11
1684,10
1685,11
1686,14
1687,15
1688,11
1689,13
1690,4
1691,10
1692,9
1693,4
1694,8
1695,0
1696,12
1697,2
1698,11
1699,4
1700,15
1701,12
1702,12
1703,9
1704,14
1705,13
1706,11
1707,3
1708,0
1709,8
1710,4
1711,13
1712,2
1713,8
1714,15
1715,7
1716,13
1717,2
1718,5
1719,9
1720,14
1721,7
1722,14
1723,15
1724,13
1725,7
1726,9
1727,0
1728,12
1729,9
1730,1
1731,5
1732,10
1733,7
1734,2
1735,11
1736,11
1737,10
1738,5
1739,14
1740,13
1741,7
1742,13
1743,6
1744,11
1745,13
1746,7
1747,14
1748,7
1749,3
1750,12
1751,15
1752,8
1753,11
1754,8
1755,5
1756,2
1757,6
1758,6
1759,13
1760,10
1761,8
1762,13
1763,14
1764,1
1765,14
1766,0
1767,0
1768,14
1769,7
1770,4
1771,11
1772,14
1773,3
1774,15
1775,11
1776,8
1777,10
1778,10
1779,14
1780,4
1781,15
1782,13
1783,0
1784,7
1785,2
1786,0
1787,13
1788,7
1789,4
1790,4
1791,10
1792,7
1793,13
1794,4
1795,5
1796,8
1797,12
1798,3
1799,12
1800,1
1801,11
1802,5
1803,14
1804,6
1805,1
1806,12
1807,4
1808,13
1809,11
1810,1
1811,6
1812,5
1813,15
1814,13
1815,11
1816,13
1817,14
1818,15
1819,8
1820,2
1821,6
1822,1
1823,1
1824,0
1825,12
1826,5
1827,6
1828,1
1829,7
1830,10
1831,4
1832,12
1833,9
1834,15
1835,4
1836,3
1837,14
1838,15
1839,14
1840,6
1841,2
1842,3
1843,6
1844,5
1845,0
1846,3
1847,11
1848,0
1849,4
1850,2
1851,8
1852,2
1853,11
1854,3
1855,6
1856,6
1857,8
1858,8
1859,2
1860,8
1861,6
1862,15
1863,8
1864,2
1865,3
1866,1
1867,4
1868,9
1869,10
1870,8
1871,8
1872,10
1873,14
1874,14
1875,10
1876,6
1877,5
1878,4
1879,12
1880,14
1881,14
1882,3
1883,10
1884,2
1885,12
1886,12
1887,0
1888,1
1889,13
1890,4
1891,3
1892,14
1893,11
1894,12
1895,2
1896,8
1897,0
1898,9
1899,1
1900,0
1901,2
1902,8
1903,7
1904,13
1905,10
1906,9
1907,5
1908,2
1909,15
1910,12
1911,15
1912,6
1913,8
1914,5
1915,5
1916,6
1917,9
1918,0
1919,4
1920,12
1921,3
1922,8
1923,5
1924,6
1925,10
1926,11
1927,14
1928,12
1929,4
1930,0
1931,5
1932,12
1933,5
1934,11
1935,2
1936,15
1937,2
1938,12
1939,13
1940,1
1941,6
1942,2
1943,5
1944,4
1945,0
1946,4
1947,1
1948,14
1949,11
1950,7
1951,3
1952,2
1953,5
1954,7
1955,9
1956,9
1957,13
1958,3
1959,5
1960,1
1961,12
1962,13
1963,13
1964,3
1965,6
1966,3
1967,11
1968,11
1969,15
1970,2
1971,13
1972,11
1973,8
1974,3
1975,13
1976,4
1977,4
1978,10
1979,14
1980,1
1981,2
1982,15
1983,9
1984,8
1985,2
1986,15
1987,6
1988,15
1989,3
1990,6
1991,11
1992,8
1993,12
1994,0
1995,14
1996,3
1997,8
1998,6
1999,11
2000,12
2001,4
2002,1
2003,8
2004,12
2005,3
2006,10
2007,11
2008,2
2009,6
2010,4
2011,10
2012,11
2013,0
2014,6
2015,0
2016,6
2017,9
2018,3
2019,7
2020,14
2021,10
2022,11
2023,13
2024,4
2025,12
2026,2
2027,5
2028,4
2029,6
2030,15
2031,9
2032,6
2033,13
2034,2
2035,2
2036,10
2037,15
2038,1
2039,12
2040,9
2041,10
2042,5
2043,7
2044,14
2045,14
2046,1
2047,12
2048,0
2049,14
2050,12
2051,7
2052,8
2053,15
2054,4
2055,13
2056,12
2057,3
2058,11
2059,3
2060,15
2061,15
2062,9
2063,14
2064,15
2065,2
2066,4
2067,1
2068,1
2069,15
2070,9
2071,14
2072,12
2073,11
2074,1
2075,10
2076,9
2077,10
2078,7
2079,6
2080,6
2081,7
2082,12
2083,0
2084,15
2085,15
2086,5
2087,14
2088,8
2089,11
2090,8
2091,12
2092,2
2093,7
2094,5
2095,7
2096,3
2097,11
2098,10
2099,0
2100,12
2101,0
2102,7
2103,4
2104,7
2105,6
2106,13
2107,15
2108,14
2109,1
2110,9
2111,5
2112,15
2113,9
2114,8
2115,8
2116,5
2117,3
2118,11
2119,7
2120,12
2121,15
2122,10
2123,0
2124,0
2125,9
2126,5
2127,6
2128,1
2129,15
2130,0
2131,3
2132,14
2133,11
2134,3
2135,5
2136,0
2137,11
2138,4
2139,2
2140,4
2141,8
2142,3
2143,2
2144,11
2145,1
2146,15
2147,3
2148,6
2149,0
2150,5
2151,13
2152,6
2153,8
2154,15
2155,14
2156,10
2157,4
2158,8
2159,7
2160,5
2161,14
2162,13
2163,0
2164,7
2165,9
2166,8
2167,14
2168,8
2169,8
2170,0
2171,7
2172,10
2173,11
2174,9
2175,13
2176,13
2177,1
2178,1
2179,10
2180,10
2181,3
2182,13
2183,7
2184,9
2185,14
2186,15
2187,0
2188,6
2189,4
2190,11
2191,0
2192,14
2193,14
2194,5
2195,14
2196,9
2197,1
2198,2
2199,9
2200,13
2201,7
2202,5
2203,15
2204,15
2205,10
2206,0
2207,2
2208,1
2209,3
2210,0
2211,15
2212,0
2213,13
2214,12
2215,13
2216,4
2217,6
2218,9
2219,0
2220,3
2221,10
2222,5
2223,15
2224,0
2225,5
2226,12
2227,5
2228,10
2229,5
2230,1
2231,1
2232,1
2233,0
2234,13
2235,13
2236,11
2237,1
2238,5
2239,0
2240,14
2241,4
2242,10
2243,4
2244,1
2245,3
2246,0
2247,10
2248,9
2249,1
2250,0
2251,5
2252,7
2253,13
2254,10
2255,6
2256,8
2257,0
2258,1
2259,13
2260,7
2261,6
2262,9
2263,15
2264,11
2265,1
2266,7
2267,15
2268,2
2269,9
2270,4
2271,12
2272,5
2273,10
2274,6
2275,5
2276,2
2277,7
2278,6
2279,2
2280,10
2281,13
2282,14
2283,5
2284,7
2285,6
2286,8
2287,3
2288,5
2289,6
2290,5
2291,2
2292,13
2293,14
2294,0
2295,15
2296,10
2297,7
2298,15
2299,1
2300,13
2301,10
2302,12
2303,12
2304,13
2305,7
2306,10
2307,10
2308,6
2309,9
2310,6
2311,9
2312,11
2313,2
2314,2
2315,14
2316,5
2317,13
2318,0
2319,15
2320,12
2321,13
2322,7
2323,12
2324,11
2325,6
2326,10
2327,4
2328,8
2329,6
2330,15
2331,1
2332,1
2333,14
2334,10
2335,15
2336,12
2337,10
2338,7
2339,2
2340,6
2341,10
2342,0
2343,10
2344,10
2345,11
2346,15
2347,13
2348,2
2349,14
2350,12
2351,9
2352,6
2353,3
2354,1
2355,11
2356,7
2357,7
2358,8
2359,8
2360,13
2361,13
2362,12
2363,15
2364,3
2365,4
2366,6
2367,13
2368,1
2369,3
2370,2
2371,3
2372,5
2373,7
2374,2
2375,6
2376,5
2377,12
2378,5
2379,14
2380,3
2381,9
2382,7
2383,5
2384,8
2385,6
2386,14
2387,1
2388,3
2389,6
2390,7
2391,2
2392,2
2393,4
2394,13
2395,2
2396,4
2397,12
2398,15
2399,14
2400,12
2401,13
2402,12
2403,6
2404,1
2405,9
2406,14
2407,2
2408,14
2409,15
2410,2
2411,13
2412,14
2413,11
2414,8
2415,3
2416,9
2417,9
2418,2
2419,12
2420,9
2421,11
2422,4
2423,4
2424,12
2425,10
2426,15
2427,0
2428,2
2429,13
2430,6
2431,9
2432,10
2433,7
2434,11
2435,12
2436,1
2437,2
2438,0
2439,3
2440,4
2441,10
2442,5
2443,2
2444,9
2445,9
2446,5
2447,12
2448,8
2449,7
2450,15
2451,9
2452,12
2453,15
2454,8
2455,7
2456,0
2457,4
2458,8
2459,0
2460,5
2461,10
2462,7
2463,12
2464,7
2465,1
2466,1
2467,3
2468,10
2469,15
2470,13
2471,0
2472,3
2473,3
2474,11
2475,1
2476,2
2477,6
2478,12
2479,4
2480,0
2481,8
2482,9
2483,2
2484,12
2485,7
2486,13
2487,12
2488,8
2489,6
2490,14
2491,11
2492,11
2493,6
2494,10
2495,10
2496,7
2497,12
2498,11
2499,7
2500,8
2501,1
2502,4
2503,0
2504,12
2505,1
2506,9
2507,8
2508,9
2509,15
2510,11
2511,4
2512,4
2513,11
2514,8
2515,4
2516,15
2517,14
2518,4
2519,1
2520,11
2521,15
2522,2
2523,8
2524,3
2525,4
2526,10
2527,12
2528,5
2529,14
2530,10
2531,4
2532,0
2533,0
2534,5
2535,1
2536,15
2537,1
2538,2
2539,0
2540,14
2541,14
2542,4
2543,1
2544,2
2545,15
2546,15
2547,15
2548,5
2549,1
2550,11
2551,12
2552,10
2553,10
2554,5
2555,6
2556,4
2557,0
2558,5
2559,7
2560,8
2561,9
2562,0
2563,9
2564,6
2565,11
2566,3
2567,2
2568,6
2569,9
2570,3
2571,11
2572,1
2573,9
2574,7
2575,9
2576,10
2577,14
2578,2
2579,3
2580,14
2581,2
2582,2
2583,3
2584,4
2585,0
2586,5
2587,12
2588,15
2589,8
2590,0
2591,5
2592,13
2593,9
2594,2
2595,4
2596,2
2597,5
2598,4
2599,13
2600,5
2601,7
2602,7
2603,10
2604,8
2605,9
2606,10
2607,3
2608,14
2609,1
2610,5
2611,14
2612,12
2613,6
2614,0
2615,2
2616,9
2617,6
2618,6
2619,1
2620,1
2621,15
2622,10
2623,0
2624,6
2625,14
2626,10
2627,9
2628,10
2629,0
2630,3
2631,13
2632,2
2633,10
2634,0
2635,2
2636,13
2637,12
2638,8
2639,9
2640,3
2641,15
2642,5
2643,10
2644,7
2645,2
2646,10
2647,9
2648,2
2649,11
2650,10
2651,0
2652,7
2653,5
2654,0
2655,0
2656,7
2657,4
2658,1
2659,0
2660,5
2661,13
2662,8
2663,8
2664,6
2665,12
2666,7
2667,12
2668,2
2669,5
2670,10
2671,2
2672,6
2673,7
2674,4
2675,13
2676,1
2677,5
2678,3
2679,0
2680,1
2681,1
2682,11
2683,9
2684,6
2685,13
2686,10
2687,8
2688,14
2689,10
2690,8
2691,3
2692,1
2693,7
2694,8
2695,15
2696,15
2697,9
2698,0
2699,8
2700,1
2701,2
2702,15
2703,8
2704,11
2705,10
2706,11
2707,4
2708,11
2709,13
2710,15
2711,1
2712,9
2713,10
2714,7
2715,15
2716,4
2717,12
2718,0
2719,2
2720,2
2721,13
2722,14
2723,11
2724,9
2725,4
2726,13
2727,5
2728,11
2729,10
2730,9
2731,10
2732,10
2733,10
2734,9
2735,13
2736,2
2737,8
2738,14
2739,10
2740,6
2741,2
2742,15
2743,15
2744,9
2745,11
2746,1
2747,2
2748,5
2749,13
2750,13
2751,15
2752,10
2753,10
2754,2
2755,3
2756,13
2757,13
2758,1
2759,3
2760,0
2761,7
2762,11
2763,14
2764,6
2765,4
2766,5
2767,15
2768,10
2769,7
2770,5
2771,12
2772,10
2773,4
2774,3
2775,3
2776,12
2777,14
2778,13
2779,5
2780,2
2781,1
2782,3
2783,5
2784,6
2785,13
2786,8
2787,3
2788,2
2789,7
2790,0
2791,4
2792,6
2793,10
2794,0
2795,8
2796,4
2797,5
2798,11
2799,10
2800,5
2801,2
2802,5
2803,12
2804,2
2805,9
2806,15
2807,6
2808,9
2809,13
2810,12
2811,5
2812,10
2813,2
2814,7
2815,14
2816,15
2817,1
2818,13
2819,2
2820,1
2821,15
2822,4
2823,13
2824,10
2825,6
2826,10
2827,4
2828,14
2829,11
2830,3
2831,9
2832,2
2833,7
2834,12
2835,1
2836,7
2837,1
2838,6
2839,10
2840,3
2841,0
2842,15
2843,13
2844,11
2845,10
2846,2
2847,3
2848,9
2849,3
2850,12
2851,4
2852,10
2853,2
2854,7
2855,7
2856,5
2857,5
2858,8
2859,12
2860,5
2861,7
2862,11
2863,6
2864,13
2865,7
2866,8
2867,6
2868,0
2869,5
2870,14
2871,15
2872,5
2873,14
2874,9
2875,12
2876,13
2877,0
2878,8
2879,9
2880,4
2881,10
2882,7
2883,14
2884,0
2885,5
2886,13
2887,7
2888,1
2889,6
2890,14
2891,7
2892,0
2893,15
2894,4
2895,15
2896,4
2897,5
2898,15
2899,8
2900,10
2901,15
2902,2
2903,12
2904,8
2905,7
2906,5
2907,5
2908,13
2909,6
2910,1
2911,3
2912,8
2913,3
2914,10
2915,11
2916,5
2917,5
2918,2
2919,15
2920,9
2921,2
2922,12
2923,11
2924,7
2925,4
2926,7
2927,15
2928,14
2929,4
2930,14
2931,6
2932,13
2933,3
2934,3
2935,0
2936,8
2937,11
2938,6
2939,10
2940,6
2941,8
2942,4
2943,11
2944,1
2945,3
2946,9
2947,14
2948,5
2949,12
2950,6
2951,10
2952,15
2953,1
2954,12
2955,11
2956,1
2957,14
2958,6
2959,7
2960,4
2961,5
2962,14
2963,0
2964,9
2965,5
2966,12
2967,15
2968,5
2969,7
2970,0
2971,0
2972,14
2973,2
2974,8
2975,0
2976,1
2977,15
2978,3
2979,8
2980,7
2981,13
2982,2
2983,10
2984,8
2985,15
2986,0
2987,8
2988,11
2989,11
2990,11
2991,7
2992,7
2993,3
2994,6
2995,11
2996,15
2997,1
2998,10
2999,4
3000,13
3001,0
3002,12
3003,2
3004,14
3005,12
3006,14
3007,1
3008,9
3009,12
3010,0
3011,7
3012,5
3013,4
3014,6
3015,2
3016,1
3017,10
3018,4
3019,14
3020,5
3021,1
3022,1
3023,5
3024,6
3025,6
3026,14
3027,6
3028,10
3029,9
3030,6
3031,14
3032,10
3033,9
3034,10
3035,10
3036,4
3037,1
3038,7
3039,14
3040,0
3041,3
3042,1
3043,3
3044,15
3045,2
3046,10
3047,4
3048,14
3049,15
3050,10
3051,7
3052,4
3053,4
3054,14
3055,1
3056,7
3057,0
3058,6
3059,3
3060,1
3061,8
3062,1
3063,10
3064,6
3065,6
3066,1
3067,4
3068,11
3069,14
3070,5
3071,3
3072,6
3073,4
3074,4
3075,5
3076,14
3077,8
3078,0
3079,6
3080,5
3081,11
3082,10
3083,11
3084,7
3085,3
3086,2
3087,0
3088,10
3089,3
3090,0
3091,8
3092,11
3093,1
3094,0
3095,14
3096,11
3097,4
3098,12
3099,2
3100,7
3101,13
3102,11
3103,4
3104,9
3105,11
3106,3
3107,5
3108,10
3109,10
3110,1
3111,5
3112,1
3113,12
3114,3
3115,10
3116,6
3117,15
3118,4
3119,11
3120,11
3121,12
3122,12
3123,3
3124,13
3125,3
3126,3
3127,13
3128,3
3129,11
3130,12
3131,5
3132,4
3133,14
3134,0
3135,3
3136,15
3137,1
3138,11
3139,11
3140,5
3141,2
3142,2
3143,2
3144,10
3145,15
3146,11
3147,3
3148,13
3149,9
3150,7
3151,9
3152,9
3153,1
3154,12
3155,7
3156,7
3157,9
3158,15
3159,15
3160,10
3161,9
3162,7
3163,10
3164,2
3165,5
3166,7
3167,11
3168,9
3169,15
3170,7
3171,7
3172,8
3173,2
3174,8
3175,8
3176,12
3177,13
3178,7
3179,8
3180,15
3181,1
3182,1
3183,14
3184,14
3185,9
3186,10
3187,4
3188,6
3189,11
3190,6
3191,4
3192,8
3193,15
3194,0
3195,11
3196,1
3197,4
3198,15
3199,6
3200,0
3201,1
3202,10
3203,6
3204,9
3205,14
3206,0
3207,1
3208,1
3209,13
3210,6
3211,13
3212,8
3213,13
3214,5
3215,14
3216,3
3217,14
3218,2
3219,13
3220,8
3221,5
3222,13
3223,4
3224,9
3225,7
3226,14
3227,4
3228,11
3229,11
3230,15
3231,2
3232,3
3233,13
3234,8
3235,0
3236,13
3237,1
3238,5
3239,8
3240,5
3241,2
3242,0
3243,15
3244,8
3245,5
3246,5
3247,8
3248,7
3249,14
3250,2
3251,1
3252,9
3253,9
3254,2
3255,15
3256,15
3257,3
3258,15
3259,2
3260,8
3261,9
3262,11
3263,7
3264,3
3265,14
3266,14
3267,13
3268,0
3269,10
3270,15
3271,10
3272,10
3273,4
3274,2
3275,9
3276,6
3277,10
3278,1
3279,11
3280,4
3281,15
3282,11
3283,13
3284,0
3285,3
3286,3
3287,2
3288,10
3289,4
3290,10
3291,1
3292,14
3293,0
3294,1
3295,12
3296,0
3297,3
3298,14
3299,15
3300,3
3301,0
3302,12
3303,5
3304,6
3305,14
3306,6
3307,14
3308,11
3309,2
3310,9
3311,5
3312,6
3313,2
3314,0
3315,7
3316,8
3317,12
3318,8
3319,11
3320,8
3321,0
3322,9
3323,2
3324,15
3325,15
3326,12
3327,11
3328,0
3329,9
3330,7
3331,12
3332,10
3333,3
3334,6
3335,6
3336,3
3337,0
3338,15
3339,11
3340,4
3341,8
3342,13
3343,15
3344,9
3345,12
3346,12
3347,0
3348,10
3349,12
3350,7
3351,1
3352,3
3353,1
3354,15
3355,12
3356,15
3357,3
3358,8
3359,15
3360,2
3361,8
3362,13
3363,14
3364,14
3365,10
3366,0
3367,4
3368,10
3369,3
3370,5
3371,12
3372,1
3373,7
3374,12
3375,2
3376,2
3377,7
3378,5
3379,14
3380,3
3381,13
3382,9
3383,2
3384,14
3385,11
3386,15
3387,12
3388,8
3389,4
3390,3
3391,8
3392,2
3393,11
3394,14
3395,6
3396,15
3397,3
3398,8
3399,6
3400,3
3401,7
3402,3
3403,13
3404,3
3405,6
3406,7
3407,11
3408,12
3409,15
3410,8
3411,14
3412,3
3413,15
3414,2
3415,1
3416,6
3417,8
3418,7
3419,0
3420,9
3421,4
3422,1
3423,6
3424,12
3425,13
3426,7
3427,8
3428,7
3429,14
3430,2
3431,12
3432,10
3433,15
3434,7
3435,8
3436,1
3437,14
3438,2
3439,9
3440,14
3441,10
3442,0
3443,10
3444,9
3445,14
3446,1
3447,1
3448,6
3449,6
3450,7
3451,10
3452,7
3453,12
3454,15
3455,2
3456,9
3457,14
3458,8
3459,1
3460,15
3461,3
3462,7
3463,14
3464,15
3465,10
3466,13
3467,9
3468,7
3469,11
3470,12
3471,9
3472,3
3473,11
3474,1
3475,10
3476,14
3477,6
3478,3
3479,12
3480,1
3481,12
3482,14
3483,8
3484,1
3485,7
3486,2
3487,14
3488,8
3489,12
3490,12
3491,12
3492,3
3493,7
3494,6
3495,3
3496,0
3497,6
3498,0
3499,1
3500,13
3501,9
3502,5
3503,1
3504,12
3505,12
3506,13
3507,3
3508,1
3509,7
3510,3
3511,0
3512,0
3513,2
3514,0
3515,2
3516,10
3517,15
3518,7
3519,13
3520,2
3521,13
3522,0
3523,7
3524,15
3525,2
3526,5
3527,2
3528,5
3529,0
3530,3
3531,6
3532,12
3533,4
3534,5
3535,8
3536,15
3537,0
3538,7
3539,5
3540,13
3541,9
3542,0
3543,10
3544,6
3545,4
3546,15
3547,14
3548,11
3549,11
3550,2
3551,9
3552,4
3553,13
3554,1
3555,1
3556,2
3557,14
3558,13
3559,9
3560,12
3561,4
3562,10
3563,15
3564,8
3565,15
3566,1
3567,9
3568,13
3569,13
3570,6
3571,15
3572,3
3573,14
3574,7
3575,7
3576,9
3577,6
3578,1
3579,8
3580,10
3581,0
3582,7
3583,13
3584,2
3585,11
3586,14
3587,15
3588,12
3589,1
3590,3
3591,13
3592,8
3593,0
3594,14
3595,9
3596,15
3597,7
3598,7
3599,0
3600,5
3601,1
3602,11
3603,3
3604,6
3605,7
3606,15
3607,3
3608,11
3609,4
3610,12
3611,10
3612,5
3613,2
3614,0
3615,11
3616,6
3617,12
3618,14
3619,11
3620,13
3621,3
3622,6
3623,7
3624,4
3625,4
3626,13
3627,4
3628,14
3629,6
3630,3
3631,6
3632,14
3633,12
3634,11
3635,15
3636,7
3637,5
3638,0
3639,13
3640,5
3641,14
3642,12
3643,11
3644,9
3645,15
3646,9
3647,1
3648,10
3649,5
3650,2
3651,5
3652,13
3653,0
3654,9
3655,14
3656,7
3657,1
3658,7
3659,2
3660,10
3661,1
3662,11
3663,2
3664,14
3665,11
3666,15
3667,14
3668,5
3669,5
3670,1
3671,9
3672,5
3673,14
3674,2
3675,7
3676,2
3677,1
3678,1
3679,6
3680,3
3681,13
3682,11
3683,10
3684,12
3685,15
3686,11
3687,7
3688,13
3689,2
3690,9
3691,4
3692,11
3693,3
3694,0
3695,3
3696,7
3697,10
3698,4
3699,8
3700,3
3701,15
3702,11
3703,5
3704,1
3705,13
3706,7
3707,13
3708,7
3709,6
3710,12
3711,5
3712,6
3713,9
3714,12
3715,11
3716,1
3717,12
3718,14
3719,6
3720,2
3721,9
3722,0
3723,8
3724,10
3725,0
3726,4
3727,0
3728,6
3729,13
3730,7
3731,7
3732,9
3733,15
3734,11
3735,0
3736,15
3737,4
3738,5
3739,10
3740,7
3741,14
3742,12
3743,9
3744,14
3745,0
3746,5
3747,9
3748,1
3749,2
3750,1
3751,3
3752,15
3753,6
3754,13
3755,9
3756,13
3757,0
3758,5
3759,2
3760,4
3761,6
3762,8
3763,2
3764,9
3765,1
3766,11
3767,0
3768,11
3769,8
3770,2
3771,14
3772,12
3773,7
3774,7
3775,6
3776,6
3777,13
3778,6
3779,0
3780,0
3781,14
3782,2
3783,6
3784,15
3785,4
3786,5
3787,8
3788,1
3789,4
3790,11
3791,8
3792,8
3793,9
3794,5
3795,15
3796,10
3797,3
3798,0
3799,14
3800,14
3801,9
3802,8
3803,0
3804,10
3805,12
3806,0
3807,4
3808,2
3809,6
3810,7
3811,11
3812,2
3813,5
3814,1
3815,5
3816,5
3817,7
3818,14
3819,3
3820,15
3821,11
3822,12
3823,5
3824,8
3825,6
3826,2
3827,11
3828,5
3829,6
3830,5
3831,10
3832,9
3833,12
3834,3
3835,3
3836,8
3837,4
3838,0
3839,13
3840,8
3841,12
3842,3
3843,0
3844,6
3845,9
3846,10
3847,15
3848,15
3849,6
3850,10
3851,13
3852,4
3853,6
3854,13
3855,10
3856,12
3857,15
3858,13
3859,9
3860,15
3861,0
3862,3
3863,6
3864,3
3865,12
3866,2
3867,1
3868,7
3869,3
3870,7
3871,11
3872,3
3873,1
3874,9
3875,12
3876,1
3877,1
3878,9
3879,5
3880,15
3881,5
3882,7
3883,2
3884,11
3885,8
3886,6
3887,9
3888,4
3889,7
3890,14
3891,1
3892,11
3893,10
3894,5
3895,0
3896,1
3897,13
3898,3
3899,14
3900,10
3901,1
3902,6
3903,1
3904,10
3905,3
3906,8
3907,12
3908,5
3909,5
3910,1
3911,15
3912,1
3913,13
3914,2
3915,7
3916,13
3917,6
3918,8
3919,1
3920,7
3921,9
3922,7
3923,8
3924,5
3925,6
3926,7
3927,8
3928,14
3929,7
3930,11
3931,11
3932,9
3933,6
3934,1
3935,10
3936,7
3937,14
3938,7
3939,6
3940,14
3941,9
3942,5
3943,14
3944,1
3945,11
3946,8
3947,13
3948,9
3949,1
3950,10
3951,12
3952,13
3953,6
3954,11
3955,3
3956,1
3957,7
3958,4
3959,6
3960,10
3961,4
3962,1
3963,6
3964,0
3965,1
3966,10
3967,6
3968,12
3969,3
3970,10
3971,4
3972,0
3973,11
3974,10
3975,5
3976,10
3977,3
3978,8
3979,10
3980,10
3981,6
3982,11
3983,9
3984,6
3985,15
3986,8
3987,8
3988,0
3989,7
3990,3
3991,8
3992,13
3993,2
3994,10
3995,15
3996,5
3997,7
3998,2
3999,8
4000,0
4001,0
4002,5
4003,5
4004,3
4005,13
4006,2
4007,6
4008,5
4009,7
4010,11
4011,6
4012,1
4013,7
4014,2
4015,3
4016,14
4017,4
4018,5
4019,14
4020,9
4021,4
4022,6
4023,3
4024,6
4025,15
4026,2
4027,12
4028,12
4029,2
4030,8
4031,12
4032,14
4033,9
4034,3
4035,10
4036,14
4037,7
4038,6
4039,13
4040,13
4041,9
4042,0
4043,12
4044,8
4045,11
4046,5
4047,4
4048,6
4049,3
4050,8
4051,9
4052,12
4053,5
4054,1
4055,5
4056,11
4057,4
4058,15
4059,1
4060,15
4061,3
4062,15
4063,4
4064,1
4065,10
4066,7
4067,11
4068,12
4069,0
4070,2
4071,1
4072,10
4073,3
4074,12
4075,5
4076,11
4077,1
4078,7
4079,6
4080,15
4081,7
4082,3
4083,6
4084,5
4085,9
4086,8
4087,1
4088,6
4089,11
4090,1
4091,3
4092,5
4093,3
4094,15
4095,10
4096,3
4097,1
4098,13
4099,1
4100,7
4101,10
4102,11
4103,6
4104,11
4105,0
4106,15
4107,10
4108,14
4109,2
4110,9
4111,5
4112,6
4113,5
4114,13
4115,4
4116,11
4117,11
4118,3
4119,8
4120,6
4121,1
4122,15
4123,10
4124,4
4125,7
4126,13
4127,1
4128,8
4129,0
4130,9
4131,4
4132,11
4133,5
4134,2
4135,12
4136,3
4137,10
4138,2
4139,9
4140,0
4141,0
4142,8
4143,15
4144,13
4145,3
4146,15
4147,10
4148,14
4149,8
4150,12
4151,5
4152,3
4153,7
4154,5
4155,2
4156,7
4157,12
4158,6
4159,9
4160,12
4161,5
4162,1
4163,13
4164,15
4165,11
4166,2
4167,7
4168,1
4169,3
4170,2
4171,11
4172,9
4173,9
4174,13
4175,7
4176,0
4177,9
4178,9
4179,4
4180,3
4181,5
4182,14
4183,2
4184,7
4185,10
4186,4
4187,15
4188,11
4189,10
4190,15
4191,2
4192,9
4193,11
4194,15
4195,9
4196,8
4197,6
4198,11
4199,8
4200,13
4201,4
4202,6
4203,13
4204,6
4205,7
4206,5
4207,3
4208,8
4209,9
4210,9
4211,14
4212,15
4213,9
4214,0
4215,11
4216,4
4217,11
4218,8
4219,5
4220,7
4221,7
4222,14
4223,2
4224,11
4225,3
4226,2
4227,0
4228,4
4229,4
4230,11
4231,6
4232,8
4233,10
4234,15
4235,8
4236,5
4237,0
4238,6
4239,11
4240,11
4241,11
4242,10
4243,12
4244,15
4245,8
4246,8
4247,7
4248,8
4249,3
4250,14
4251,3
4252,3
4253,15
4254,3
4255,5
4256,11
4257,5
4258,4
4259,3
4260,5
4261,6
4262,15
4263,10
4264,15
4265,8
4266,0
4267,4
4268,7
4269,14
4270,7
4271,1
4272,10
4273,3
4274,9
4275,11
4276,5
4277,7
4278,4
4279,11
4280,7
4281,12
4282,6
4283,9
4284,2
4285,5
4286,13
4287,14
4288,3
4289,6
4290,2
4291,15
4292,1
4293,2
4294,12
4295,4
4296,11
4297,10
4298,10
4299,7
4300,2
4301,3
4302,3
4303,9
4304,4
4305,1
4306,5
4307,7
4308,7
4309,5
4310,0
4311,2
4312,15
4313,12
4314,13
4315,12
4316,10
4317,11
4318,12
4319,10
4320,15
4321,7
4322,12
4323,13
4324,15
4325,11
4326,11
4327,10
4328,8
4329,14
4330,2
4331,2
4332,10
4333,5
4334,11
4335,5
4336,15
4337,0
4338,12
4339,2
4340,12
4341,0
4342,6
4343,0
4344,12
4345,4
4346,9
4347,10
4348,2
4349,11
4350,8
4351,2
4352,1
4353,1
4354,8
4355,0
4356,9
4357,13
4358,3
4359,2
4360,14
4361,7
4362,2
4363,8
4364,14
4365,10
4366,7
4367,14
4368,4
4369,9
4370,8
4371,3
4372,6
4373,8
4374,12
4375,5
4376,9
4377,2
4378,12
4379,4
4380,10
4381,11
4382,2
4383,2
4384,13
4385,9
4386,8
4387,3
4388,5
4389,7
4390,12
4391,9
4392,2
4393,11
4394,9
4395,8
4396,12
4397,3
4398,2
4399,4
4400,5
4401,12
4402,15
4403,0
4404,2
4405,7
4406,13
4407,2
4408,13
4409,14
4410,1
4411,13
4412,9
4413,11
4414,0
4415,7
4416,10
4417,1
4418,1
4419,15
4420,15
4421,11
4422,1
4423,5
4424,15
4425,12
4426,15
4427,7
4428,15
4429,5
4430,4
4431,9
4432,0
4433,11
4434,14
4435,8
4436,10
4437,0
4438,8
4439,13
4440,0
4441,13
4442,3
4443,0
4444,1
4445,13
4446,5
4447,3
4448,5
4449,1
4450,12
4451,3
4452,14
4453,14
4454,4
4455,7
4456,0
4457,0
4458,1
4459,3
4460,9
4461,1
4462,4
4463,7
4464,8
4465,8
4466,15
4467,0
4468,14
4469,15
4470,8
4471,5
4472,0
4473,3
4474,13
4475,13
4476,3
4477,5
4478,13
4479,12
4480,15
4481,10
4482,9
4483,8
4484,13
4485,7
4486,15
4487,0
4488,9
4489,1
4490,13
4491,6
4492,5
4493,15
4494,3
4495,9
4496,9
4497,3
4498,0
4499,8
4500,10
4501,15
4502,0
4503,8
4504,13
4505,3
4506,1
4507,5
4508,11
4509,5
4510,0
4511,8
4512,5
4513,4
4514,6
4515,6
4516,1
4517,6
4518,9
4519,6
4520,1
4521,9
4522,9
4523,15
4524,13
4525,14
4526,15
4527,9
4528,0
4529,15
4530,1
4531,4
4532,11
4533,0
4534,15
4535,3
4536,2
4537,10
4538,12
4539,11
4540,6
4541,10
4542,14
4543,10
4544,1
4545,8
4546,3
4547,4
4548,4
4549,0
4550,4
4551,6
4552,15
4553,6
4554,6
4555,9
4556,8
4557,14
4558,2
4559,2
4560,12
4561,10
4562,1
4563,9
4564,8
4565,6
4566,15
4567,9
4568,13
4569,1
4570,4
4571,8
4572,6
4573,15
4574,5
4575,10
4576,11
4577,0
4578,1
4579,11
4580,15
4581,3
4582,1
4583,14
4584,8
4585,14
4586,11
4587,9
4588,4
4589,3
4590,12
4591,15
4592,1
4593,10
4594,0
4595,7
4596,14
4597,10
4598,3
4599,4
4600,2
4601,2
4602,10
4603,11
4604,11
4605,4
4606,4
4607,8
4608,12
4609,6
4610,15
4611,2
4612,13
4613,14
4614,4
4615,7
4616,9
4617,7
4618,5
4619,5
4620,0
4621,1
4622,13
4623,12
4624,11
4625,10
4626,10
4627,15
4628,9
4629,7
4630,4
4631,8
4632,10
4633,10
4634,12
4635,15
4636,13
4637,9
4638,12
4639,3
4640,3
4641,12
4642,12
4643,2
4644,8
4645,15
4646,4
4647,8
4648,2
4649,2
4650,1
4651,12
4652,15
4653,12
4654,9
4655,13
4656,4
4657,4
4658,4
4659,15
4660,15
4661,12
4662,7
4663,5
4664,10
4665,6
4666,2
4667,5
4668,6
4669,3
4670,9
4671,12
4672,9
4673,13
4674,15
4675,13
4676,15
4677,5
4678,4
4679,11
4680,4
4681,3
4682,3
4683,12
4684,9
4685,11
4686,8
4687,5
4688,6
4689,9
4690,13
4691,5
4692,6
4693,15
4694,4
4695,5
4696,2
4697,10
4698,6
4699,9
4700,5
4701,3
4702,12
4703,2
4704,9
4705,4
4706,15
4707,12
4708,8
4709,14
4710,13
4711,8
4712,1
4713,15
4714,12
4715,0
4716,6
4717,7
4718,5
4719,11
4720,3
4721,2
4722,0
4723,15
4724,2
4725,9
4726,5
4727,10
4728,3
4729,8
4730,15
4731,0
4732,7
4733,0
4734,4
4735,8
4736,9
4737,4
4738,13
4739,1
4740,10
4741,4
4742,15
4743,1
4744,8
4745,7
4746,13
4747,4
4748,7
4749,13
4750,9
4751,12
4752,0
4753,14
4754,12
4755,14
4756,10
4757,11
4758,12
4759,8
4760,6
4761,4
4762,1
4763,13
4764,8
4765,5
4766,7
4767,0
4768,2
4769,10
4770,0
4771,15
4772,10
4773,12
4774,15
4775,2
4776,14
4777,2
4778,14
4779,11
4780,3
4781,1
4782,6
4783,9
4784,9
4785,2
4786,6
4787,0
4788,4
4789,0
4790,10
4791,2
4792,10
4793,13
4794,13
4795,8
4796,13
4797,11
4798,14
4799,9
4800,14
4801,10
4802,15
4803,11
4804,6
4805,5
4806,11
4807,11
4808,14
4809,6
4810,8
4811,0
4812,6
4813,13
4814,15
4815,6
4816,14
4817,1
4818,6
4819,4
4820,12
4821,3
4822,6
4823,5
4824,2
4825,13
4826,12
4827,10
4828,15
4829,7
4830,11
4831,1
4832,1
4833,1
4834,12
4835,10
4836,4
4837,4
4838,1
4839,9
4840,9
4841,3
4842,14
4843,10
4844,7
4845,10
4846,5
4847,13
4848,0
4849,6
4850,4
4851,2
4852,7
4853,10
4854,11
4855,13
4857,3
4858,12
4859,14
4860,14
4861,12
4862,6
4863,9
4864,7
4865,3
4866,11
4867,3
4868,13
4869,3
4870,10
4871,5
4872,4
4873,13
4874,1
4875,14
4876,9
4877,9
4878,7
4879,14
4880,3
4881,5
4882,1
4883,8
4884,10
4885,1
4886,3
4887,7
4888,12
4889,8
4890,2
4891,7
4892,15
4893,2
4894,15
4895,12
4896,7
4897,15
4898,5
4899,4
4900,3
4901,6
4902,3
4903,4
4904,10
4905,15
4906,7
4907,2
4908,4
4909,7
4910,3
4911,10
4912,6
4913,1
4914,10
4915,11
4916,2
4917,0
4918,2
4919,0
4920,5
4921,12
4922,12
4923,10
4924,14
4925,10
4926,7
4927,4
4928,8
4929,15
4930,9
4931,13
4932,11
4933,14
4934,10
4935,15
4936,2
4937,14
4938,5
4939,5
4940,2
4941,10
4942,13
4943,4
4944,15
4945,4
4946,4
4947,9
4948,13
4949,10
4950,2
4951,2
4952,1
4953,5
4954,3
4955,4
4956,13
4957,10
4958,9
4959,3
4960,12
4961,15
4962,13
4963,10
4964,0
4965,14
4966,4
4967,0
4968,14
4969,2
4970,10
4971,8
4972,3
4973,8
4974,11
4975,3
4976,10
4977,6
4978,1
4979,11
4980,15
4981,9
4982,8
4983,9
4984,10
4985,5
4986,12
4987,0
4988,12
4989,7
4990,8
4991,1
4992,11
4993,6
4994,4
4995,3
4996,7
4997,14
4998,1
4999,8
5000,3
5001,1
5002,7
5003,7
5004,6
5005,10
5006,6
5007,1
5008,4
5009,3
5010,6
5011,4
5012,0
5013,13
5014,9
5015,0
5016,4
5017,4
5018,9
5019,6
5020,9
5021,12
5022,11
5023,10
5024,7
5025,15
5026,13
5027,13
5028,13
5029,0
5030,11
5031,8
5032,9
5033,14
5034,11
5035,11
5036,8
5037,5
5038,14
5039,3
5040,5
5041,5
5042,3
5043,9
5044,1
5045,4
5046,15
5047,5
5048,0
5049,4
5050,0
5051,15
5052,1
5053,4
5054,1
5055,9
5056,11
5057,5
5058,9
5059,15
5060,2
5061,10
5062,0
5063,13
5064,1
5065,6
5066,13
5067,7
5068,5
5069,0
5070,7
5071,10
5072,14
5073,9
5074,3
5075,2
5076,6
5077,8
5078,1
5079,15
5080,8
5081,10
5082,3
5083,1
5084,3
5085,12
5086,3
5087,8
5088,4
5089,0
5090,4
5091,9
5092,13
5093,9
5094,9
5095,1
5096,7
5097,3
5098,15
5099,0
5100,9
5101,10
5102,1
5103,2
5104,5
5105,5
5106,3
5107,5
5108,8
5109,15
5110,12
5111,4
5112,10
5113,9
5114,0
5115,0
5116,8
5117,12
5118,0
5119,1
5120,6
5121,13
5122,4
5123,13
5124,1
5125,8
5126,3
5127,10
5128,8
5129,15
5130,9
5131,14
5132,10
5133,10
5134,14
5135,3
5136,9
5137,2
5138,14
5139,1
5140,11
5141,4
5142,0
5143,8
5144,2
5145,10
5146,14
5147,5
5148,5
5149,6
5150,14
5151,2
5152,14
5153,5
5154,4
5155,1
5156,2
5157,0
5158,10
5159,3
5160,15
5161,11
5162,2
5163,7
5164,10
5165,8
5166,6
5167,2
5168,11
5169,1
5170,0
5171,10
5172,0
5173,13
5174,3
5175,3
5176,4
5177,13
5178,12
5179,6
5180,5
5181,14
5182,8
5183,15
5184,8
5185,14
5186,10
5187,10
5188,8
5189,3
5190,9
5191,15
5192,4
5193,4
5194,12
5195,11
5196,0
5197,10
5198,8
5199,1
5200,6
5201,8
5202,12
5203,0
5204,13
5205,6
5206,2
5207,11
5208,8
5209,15
5210,6
5211,10
5212,11
5213,8
5214,11
5215,2
5216,4
5217,1
5218,10
5219,5
5220,2
5221,3
5222,11
5223,0
5224,4
5225,12
5226,11
5227,7
5228,10
5229,11
5230,1
5231,12
5232,11
5233,2
5234,0
5235,0
5236,10
5237,8
5238,14
5239,14
5240,4
5241,14
5242,5
5243,14
5244,3
5245,0
5246,14
5247,7
5248,12
5249,3
5250,11
5251,15
5252,7
5253,14
5254,2
5255,7
5256,3
5257,13
5258,2
5259,9
5260,0
5261,10
5262,1
5263,12
5264,5
5265,7
5266,3
5267,4
5268,15
5269,6
5270,15
5271,11
5272,2
5273,2
5274,1
5275,11
5276,13
5277,0
5278,1
5279,14
5280,4
5281,3
5282,10
5283,13
5284,15
5285,2
5286,13
5287,5
5288,0
5289,15
5290,0
5291,0
5292,1
5293,10
5294,1
5295,0
5296,11
5297,5
5298,12
5299,4
5300,14
5301,8
5302,15
5303,12
5304,2
5305,6
5306,8
5307,11
5308,11
5309,0
5310,5
5311,3
5312,6
5313,4
5314,9
5315,12
5316,0
5317,5
5318,15
5319,6
5320,14
5321,1
5322,9
5323,9
5324,2
5325,1
5326,10
5327,9
5328,14
5329,13
5330,2
5331,10
5332,5
5333,4
5334,2
5335,12
5336,13
5337,5
5338,12
5339,0
5340,6
5341,14
5342,0
5343,5
5344,7
5345,14
5346,8
5347,2
5348,10
5349,15
5350,14
5351,9
5352,5
5353,4
5354,9
5355,13
5356,4
5357,8
5358,3
5359,10
5360,12
5361,8
5362,0
5363,15
5364,5
5365,14
5366,10
5367,12
5368,15
5369,15
5370,6
5371,2
5372,14
5373,10
5374,6
5375,2
5376,9
5377,9
5378,15
5379,2
5380,8
5381,5
5382,5
5383,8
5384,2
5385,12
5386,10
5387,6
5388,3
5389,2
5390,6
5391,12
5392,1
5393,15
5394,7
5395,15
5396,3
5397,5
5398,3
5399,13
5400,1
5401,7
5402,11
5403,13
5404,8
5405,1
5406,5
5407,0
5408,14
5409,0
5410,15
5411,4
5412,10
5413,9
5414,13
5415,5
5416,9
5417,8
5418,10
5419,6
5420,13
5421,9
5422,15
5423,6
5424,13
5425,8
5426,9
5427,4
5428,8
5429,9
5430,7
5431,11
5432,6
5433,4
5434,14
5435,15
5436,15
5437,15
5438,9
5439,8
5440,3
5441,6
5442,9
5443,13
5444,1
5445,11
5446,10
5447,3
5448,0
5449,4
5450,8
5451,9
5452,10
5453,9
5454,6
5455,8
5456,5
5457,4
5458,0
5459,4
5460,8
5461,5
5462,3
5463,13
5464,7
5465,10
5466,11
5467,14
5468,13
5469,0
5470,7
5471,14
5472,3
5473,5
5474,8
5475,10
5476,7
5477,9
5478,4
5479,13
5480,8
5481,9
5482,10
5483,11
5484,7
5485,8
5486,0
5487,11
5488,8
5489,12
5490,12
5491,9
5492,8
5493,5
5494,8
5495,1
5496,4
5497,13
5498,7
5499,4
5500,4
5501,14
5502,4
5503,12
5504,0
5505,5
5506,4
5507,2
5508,10
5509,1
5510,14
5511,7
5512,12
5513,7
5514,14
5515,15
5516,2
5517,4
5518,10
5519,11
5520,8
5521,12
5522,12
5523,14
5524,13
5525,2
5526,12
5527,1
5528,7
5529,5
5530,8
5531,11
5532,13
5533,13
5534,3
5535,10
5536,9
5537,4
5538,8
5539,11
5540,3
5541,1
5542,15
5543,11
5544,1
5545,6
5546,8
5547,7
5548,14
5549,10
5550,8
5551,13
5552,12
5553,6
5554,4
5555,13
5556,4
5557,10
5558,8
5559,10
5560,11
5561,10
5562,9
5563,1
5564,4
5565,14
5566,4
5567,4
5568,14
5569,7
5570,1
5571,3
5572,12
5573,15
5574,11
5575,8
5576,4
5577,5
5578,6
5579,12
5580,1
5581,3
5582,0
5583,14
5584,9
5585,14
5586,5
5587,4
5588,13
5589,6
5590,1
5591,8
5592,11
5593,9
5594,1
5595,2
5596,13
5597,5
5598,7
5599,12
5600,13
5601,12
5602,7
5603,5
5604,5
5605,6
5606,0
5607,15
5608,15
5609,0
5610,2
5611,4
5612,0
5613,0
5614,10
5615,14
5616,4
5617,3
5618,2
5619,10
5620,11
5621,7
5622,6
5623,5
5624,3
5625,0
5626,2
5627,12
5628,2
5629,7
5630,2
5631,3
5632,5
5633,3
5634,11
5635,15
5636,3
5637,6
5638,4
5639,5
5640,0
5641,8
5642,8
5643,1
5644,14
5645,12
5646,15
5647,5
5648,9
5649,4
5650,4
5651,3
5652,5
5653,3
5654,6
5655,6
5656,14
5657,10
5658,12
5659,12
5660,5
5661,12
5662,10
5663,1
5664,6
5665,8
5666,3
5667,8
5668,15
5669,14
5670,3
5671,9
5672,2
5673,7
5674,7
5675,2
5676,15
5677,3
5678,13
5679,14
5680,1
5681,4
5682,7
5683,14
5684,4
5685,14
5686,6
5687,12
5688,11
5689,2
5690,13
5691,6
5692,0
5693,7
5694,1
5695,0
5696,2
5697,1
5698,2
5699,9
5700,10
5701,10
5702,8
5703,3
5704,12
5705,12
5706,14
5707,10
5708,12
5709,11
5710,6
5711,6
5712,15
5713,7
5714,2
5715,7
5716,5
5717,3
5718,1
5719,11
5720,0
5721,15
5722,8
5723,10
5724,12
5725,9
5726,13
5727,11
5728,2
5729,14
5730,5
5731,1
5732,9
5733,0
5734,10
5735,8
5736,14
5737,10
5738,7
5739,3
5740,1
5741,12
5742,6
5743,15
5744,7
5745,5
5746,0
5747,13
5748,6
5749,0
5750,8
5751,0
5752,7
5753,8
5754,14
5755,10
5756,0
5757,14
5758,11
5759,2
5760,1
5761,15
5762,5
5763,3
5764,4
5765,9
5766,1
5767,12
5768,4
5769,13
5770,10
5771,9
5772,6
5773,1
5774,1
5775,12
5776,4
5777,8
5778,8
5779,8
5780,2
5781,3
5782,8
5783,7
5784,3
5785,14
5786,11
5787,1
5788,10
5789,3
5790,4
5791,15
5792,6
5793,9
5794,6
5795,10
5796,13
5797,5
5798,12
5799,4
5800,0
5801,11
5802,14
5803,3
5804,4
5805,15
5806,3
5807,14
5808,12
5809,10
5810,13
5811,13
5812,10
5813,8
5814,6
5815,6
5816,15
5817,9
5818,3
5819,4
5820,4
5821,12
5822,14
5823,13
5824,14
5825,14
5826,1
5827,11
5828,9
5829,0
5830,13
5831,7
5832,1
5833,13
5834,15
5835,0
5836,1
5837,6
5838,8
5839,15
5840,12
5841,1
5842,4
5843,8
5844,7
5845,9
5846,12
5847,11
5848,14
5849,14
5850,5
5851,11
5852,15
5853,1
5854,3
5855,0
5856,13
5857,11
5858,9
5859,8
5860,13
5861,2
5862,7
5863,4
5864,15
5865,11
5866,9
5867,5
5868,15
5869,1
5870,5
5871,3
5872,10
5873,3
5874,13
5875,8
5876,2
5877,4
5878,0
5879,15
5880,6
5881,11
5882,0
5883,1
5884,8
5885,5
5886,13
5887,4
5888,13
5889,14
5890,14
5891,5
5892,0
5893,6
5894,2
5895,1
5896,11
5897,1
5898,4
5899,11
5900,4
5901,13
5902,15
5903,1
5904,4
5905,15
5906,4
5907,7
5908,3
5909,5
5910,15
5911,14
5912,5
5913,0
5914,6
5915,10
5916,0
5917,7
5918,5
5919,11
5920,15
5921,7
5922,3
5923,3
5924,14
5925,14
5926,2
5927,7
5928,9
5929,8
5930,15
5931,4
5932,12
5933,5
5934,14
5935,9
5936,9
5937,0
5938,5
5939,3
5940,10
5941,10
5942,4
5943,8
5944,3
5945,14
5946,4
5947,6
5948,15
5949,12
5950,13
5951,6
5952,7
5953,11
5954,7
5955,12
5956,10
5957,6
5958,13
5959,15
5960,7
5961,5
5962,5
5963,6
5964,12
5965,15
5966,15
5967,14
5968,13
5969,2
5970,5
5971,9
5972,0
5973,15
5974,2
5975,6
5976,1
5977,14
5978,5
5979,4
5980,1
5981,13
5982,12
5983,2
5984,14
5985,12
5986,8
5987,9
5988,13
5989,6
5990,2
5991,1
5992,9
5993,14
5994,0
5995,15
5996,3
5997,1
5998,6
5999,12
6000,1
6001,13
6002,13
6003,11
6004,12
6005,5
6006,7
6007,5
6008,7
6009,8
6010,3
6011,4
6012,9
6013,10
6014,5
6015,2
6016,1
6017,13
6018,8
6019,1
6020,13
6021,0
6022,13
6023,11
6024,9
6025,11
6026,12
6027,15
6028,3
6029,14
6030,13
6031,13
6032,9
6033,4
6034,4
6035,15
6036,13
6037,3
6038,2
6039,8
6040,14
6041,13
6042,13
6043,5
6044,12
6045,5
6046,11
6047,14
6048,12
6049,2
6050,15
6051,15
6052,1
6053,13
6054,11
6055,14
6056,4
6057,3
6058,13
6059,5
6060,3
6061,5
6062,1
6063,2
6064,0
6065,0
6066,8
6067,8
6068,6
6069,8
6070,3
6071,14
6072,6
6073,5
6074,13
6075,2
6076,8
6077,12
6078,11
6079,14
6080,8
6081,8
6082,15
6083,9
6084,1
6085,14
6086,0
6087,7
6088,11
6089,13
6090,1
6091,4
6092,11
6093,13
6094,2
6095,12
6096,7
6097,12
6098,8
6099,1
6100,0
6101,10
6102,7
6103,6
6104,1
6105,8
6106,8
6107,10
6108,2
6109,8
6110,8
6111,1
6112,4
6113,10
6114,2
6115,3
6116,14
6117,8
6118,11
6119,9
6120,0
6121,11
6122,5
6123,1
6124,0
6125,14
6126,8
6127,14
6128,15
6129,2
6130,15
6131,10
6132,10
6133,7
6134,14
6135,7
6136,1
6137,5
6138,14
6139,2
6140,8
6141,7
6142,12
6143,6
6144,14
6145,7
6146,3
6147,8
6148,3
6149,14
6150,1
6151,12
6152,14
6153,3
6154,9
6155,15
6156,14
6157,1
6158,7
6159,11
6160,2
6161,8
6162,8
6163,8
6164,10
6165,12
6166,12
6167,5
6168,4
6169,11
6170,5
6171,12
6172,4
6173,8
6174,1
6175,14
6176,7
6177,2
6178,14
6179,2
6180,2
6181,12
6182,15
6183,3
6184,6
6185,0
6186,5
6187,5
6188,1
6189,11
6190,10
6191,2
6192,11
6193,13
6194,12
6195,4
6196,11
6197,14
6198,14
6199,2
6200,1
6201,9
6202,11
6203,1
6204,8
6205,10
6206,11
6207,6
6208,11
6209,5
6210,2
6211,9
6212,12
6213,1
6214,1
6215,1
6216,8
6217,3
6218,2
6219,11
6220,9
6221,2
6222,5
6223,1
6224,15
6225,4
6226,14
6227,3
6228,7
6229,3
6230,8
6231,9
6232,10
6233,15
6234,15
6235,9
6236,6
6237,7
6238,6
6239,9
6240,6
6241,3
6242,0
6243,12
6244,6
6245,13
6246,9
6247,4
6248,5
6249,14
6250,1
6251,13
6252,1
6253,6
6254,3
6255,5
6256,9
6257,9
6258,2
6259,3
6260,13
6261,8
6262,11
6263,14
6264,11
6265,3
6266,5
6267,14
6268,12
6269,10
6270,4
6271,0
6272,14
6273,14
6274,13
6275,3
6276,11
6277,10
6278,0
6279,1
6280,3
6281,3
6282,6
6283,9
6284,12
6285,0
6286,4
6287,0
6288,8
6289,9
6290,15
6291,9
6292,10
6293,1
6294,10
6295,2
6296,6
6297,14
6298,14
6299,10
6300,3
6301,9
6302,11
6303,12
6304,5
6305,15
6306,14
6307,15
6308,11
6309,6
6310,6
6311,4
6312,0
6313,12
6314,8
6315,10
6316,11
6317,13
6318,2
6319,9
6320,9
6321,6
6322,8
6323,1
6324,8
6325,15
6326,0
6327,10
6328,12
6329,10
6330,11
6331,2
6332,7
6333,12
6334,2
6335,5
6336,14
6337,1
6338,13
6339,14
6340,4
6341,1
6342,4
6343,4
6344,7
6345,9
6346,1
6347,7
6348,15
6349,8
6350,13
6351,1
6352,1
6353,12
6354,8
6355,4
6356,3
6357,8
6358,13
6359,11
6360,11
6361,2
6362,6
6363,12
6364,10
6365,7
6366,3
6367,15
6368,9
6369,13
6370,0
6371,13
6372,5
6373,9
6374,9
6375,13
6376,10
6377,2
6378,2
6379,10
6380,14
6381,7
6382,1
6383,1
6384,2
6385,13
6386,9
6387,8
6388,3
6389,4
6390,15
6391,5
6392,0
6393,13
6394,2
6395,10
6396,13
6397,14
6398,9
6399,7
6400,9
6401,1
6402,4
6403,15
6404,9
6405,10
6406,8
6407,8
6408,0
6409,13
6410,5
6411,5
6412,0
6413,13
6414,13
6415,6
6416,8
6417,7
6418,10
6419,9
6420,2
6421,12
6422,4
6423,0
6424,2
6425,9
6426,11
6427,14
6428,5
6429,4
6430,6
6431,3
6432,5
6433,5
6434,15
6435,9
6436,14
6437,6
6438,8
6439,14
6440,3
6441,4
6442,12
6443,9
6444,6
6445,11
6446,9
6447,2
6448,1
6449,8
6450,15
6451,12
6452,10
6453,12
6454,4
6455,0
6456,10
6457,15
6458,9
6459,3
6460,14
6461,7
6462,9
6463,15
6464,4
6465,9
6466,1
6467,15
6468,13
6469,14
6470,9
6471,7
6472,6
6473,2
6474,3
6475,2
6476,10
6477,11
6478,4
6479,13
6480,13
6481,10
6482,14
6483,7
6484,13
6485,6
6486,3
6487,9
6488,3
6489,9
6490,12
6491,6
6492,8
6493,9
6494,12
6495,8
6496,9
6497,11
6498,4
6499,6
6500,0
6501,8
6502,2
6503,12
6504,9
6505,8
6506,12
6507,3
6508,1
6509,3
6510,1
6511,11
6512,14
6513,7
6514,4
6515,8
6516,11
6517,2
6518,4
6519,14
6520,11
6521,5
6522,9
6523,11
6524,12
6525,3
6526,15
6527,8
6528,0
6529,1
6530,0
6531,0
6532,13
6533,0
6534,7
6535,11
6536,10
6537,0
6538,3
6539,7
6540,5
6541,8
6542,5
6543,4
6544,13
6545,13
6546,1
6547,12
6548,10
6549,14
6550,8
6551,7
6552,1
6553,13
6554,0
6555,6
6556,10
6557,13
6558,1
6559,9
6560,12
6561,6
6562,7
6563,7
6564,3
6565,15
6566,6
6567,5
6568,2
6569,1
6570,4
6571,13
6572,4
6573,5
6574,1
6575,14
6576,10
6577,13
6578,6
6579,5
6580,2
6581,8
6582,12
6583,1
6584,14
6585,11
6586,5
6587,9
6588,10
6589,6
6590,14
6591,1
6592,1
6593,9
6594,10
6595,3
6596,12
6597,7
6598,15
6599,15
6600,2
6601,1
6602,6
6603,0
6604,4
6605,5
6606,11
6607,11
6608,8
6609,6
6610,14
6611,12
6612,7
6613,2
6614,4
6615,5
6616,8
6617,5
6618,10
6619,8
6620,10
6621,5
6622,13
6623,14
6624,8
6625,4
6626,11
6627,5
6628,2
6629,0
6630,13
6631,13
6632,14
6633,12
6634,9
6635,8
6636,5
6637,9
6638,3
6639,14
6640,12
6641,12
6642,2
6643,8
6644,1
6645,11
6646,1
6647,6
6648,3
6649,13
6650,3
6651,5
6652,14
6653,1
6654,5
6655,14
6656,15
6657,5
6658,4
6659,1
6660,15
6661,10
6662,15
6663,3
6664,0
6665,3
6666,14
6667,13
6668,1
6669,4
6670,6
6671,1
6672,15
6673,2
6674,1
6675,15
6676,2
6677,13
6678,6
6679,15
6680,5
6681,5
6682,15
6683,15
6684,14
6685,14
6686,1
6687,5
6688,2
6689,6
6690,10
6691,9
6692,9
6693,0
6694,11
6695,15
6696,1
6697,10
6698,13
6699,8
6700,9
6701,14
6702,11
6703,7
6704,4
6705,1
6706,10
6707,15
6708,7
6709,11
6710,8
6711,13
6712,4
6713,8
6714,4
6715,15
6716,8
6717,11
6718,0
6719,9
6720,2
6721,15
6722,4
6723,1
6724,0
6725,6
6726,0
6727,11
6728,14
6729,8
6730,11
6731,14
6732,4
6733,1
6734,3
6735,4
6736,0
6737,12
6738,2
6739,2
6740,13
6741,0
6742,1
6743,0
6744,14
6745,4
6746,11
6747,10
6748,4
6749,2
6750,10
6751,8
6752,11
6753,5
6754,9
6755,10
6756,5
6757,0
6758,0
6759,1
6760,3
6761,2
6762,9
6763,11
6764,11
6765,11
6766,9
6767,15
6768,2
6769,14
6770,12
6771,12
6772,2
6773,14
6774,13
6775,2
6776,1
6777,0
6778,6
6779,15
6780,1
6781,6
6782,0
6783,9
6784,11
6785,6
6786,9
6787,13
6788,0
6789,11
6790,0
6791,15
6792,12
6793,9
6794,2
6795,9
6796,9
6797,5
6798,8
6799,1
6800,8
6801,14
6802,1
6803,7
6804,7
6805,12
6806,12
6807,6
6808,0
6809,9
6810,9
6811,1
6812,0
6813,7
6814,7
6815,4
6816,11
6817,4
6818,10
6819,14
6820,12
6821,9
6822,8
6823,14
6824,4
6825,0
6826,2
6827,1
6828,12
6829,4
6830,3
6831,8
6832,2
6833,14
6834,5
6835,7
6836,4
6837,8
6838,6
6839,4
6840,7
6841,7
6842,4
6843,10
6844,6
6845,15
6846,10
6847,11
6848,4
6849,5
6850,12
6851,5
6852,5
6853,9
6854,0
6855,5
6856,14
6857,7
6858,10
6859,2
6860,8
6861,13
6862,13
6863,2
6864,8
6865,3
6866,7
6867,12
6868,14
6869,9
6870,6
6871,3
6872,5
6873,10
6874,15
6875,8
6876,15
6877,12
6878,9
6879,9
6880,13
6881,3
6882,8
6883,1
6884,11
6885,8
6886,11
6887,9
6888,3
6889,13
6890,4
6891,8
6892,13
6893,6
6894,0
6895,4
6896,11
6897,3
6898,9
6899,0
6900,1
6901,8
6902,2
6903,10
6904,6
6905,10
6906,5
6907,1
6908,11
6909,7
6910,3
6911,15
6912,0
6913,9
6914,7
6915,0
6916,7
6917,10
6918,12
6919,5
6920,10
6921,10
6922,2
6923,2
6924,6
6925,7
6926,6
6927,4
6928,13
6929,6
6930,14
6931,3
6932,11
6933,5
6934,15
6935,0
6936,2
6937,4
6938,13
6939,0
6940,0
6941,4
6942,7
6943,9
6944,10
6945,12
6946,10
6947,9
6948,10
6949,0
6950,15
6951,11
6952,3
6953,2
6954,13
6955,5
6956,1
6957,6
6958,1
6959,9
6960,3
6961,9
6962,3
6963,9
6964,5
6965,2
6966,5
6967,12
6968,1
6969,7
6970,11
6971,1
6972,3
6973,12
6974,2
6975,5
6976,8
6977,9
6978,6
6979,7
6980,10
6981,0
6982,0
6983,11
6984,10
6985,7
6986,12
6987,2
6988,7
6989,5
6990,2
6991,2
6992,8
6993,2
6994,6
6995,0
6996,5
6997,5
6998,11
6999,11
7000,3
7001,11
7002,6
7003,11
7004,15
7005,7
7006,15
7007,9
7008,1
7009,9
7010,8
7011,12
7012,5
7013,14
7014,0
7015,10
7016,12
7017,2
7018,0
7019,11
7020,14
7021,8
7022,12
7023,10
7024,7
7025,9
7026,10
7027,5
7028,13
7029,11
7030,1
7031,5
7032,8
7033,15
7034,5
7035,9
7036,2
7037,2
7038,12
7039,7
7040,13
7041,2
7042,15
7043,4
7044,3
7045,3
7046,8
7047,12
7048,2
7049,11
7050,5
7051,14
7052,8
7053,7
7054,4
7055,14
7056,2
7057,11
7058,8
7059,7
7060,14
7061,2
7062,8
7063,4
7064,2
7065,9
7066,0
7067,10
7068,11
7069,4
7070,13
7071,13
7072,10
7073,10
7074,12
7075,12
7076,1
7077,7
7078,0
7079,7
7080,6
7081,12
7082,12
7083,7
7084,9
7085,1
7086,7
7087,0
7088,12
7089,7
7090,0
7091,0
7092,2
7093,4
7094,15
7095,13
7096,6
7097,8
7098,11
7099,0
7100,12
7101,2
7102,9
7103,3
7104,5
7105,7
7106,7
7107,2
7108,0
7109,0
7110,12
7111,6
7112,11
7113,4
7114,6
7115,1
7116,11
7117,13
7118,5
7119,14
7120,12
7121,13
7122,5
7123,8
7124,0
7125,0
7126,11
7127,4
7128,1
7129,4
7130,7
7131,3
7132,0
7133,10
7134,1
7135,10
7136,6
7137,6
7138,6
7139,10
7140,15
7141,3
7142,8
7143,8
7144,14
7145,10
7146,5
7147,5
7148,13
7149,4
7150,7
7151,3
7152,2
7153,11
7154,15
7155,1
7156,15
7157,3
7158,9
7159,13
7160,10
7161,11
7162,10
7163,14
7164,2
7165,9
7166,14
7167,0
7168,10
7169,1
7170,0
7171,1
7172,12
7173,8
7174,4
7175,11
7176,6
7177,5
7178,14
7179,13
7180,9
7181,2
7182,0
7183,2
7184,11
7185,8
7186,7
7187,1
7188,8
7189,8
7190,8
7191,2
7192,4
7193,1
7194,13
7195,1
7196,0
7197,9
7198,2
7199,7
7200,15
7201,0
7202,1
7203,1
7204,12
7205,8
7206,1
7207,9
7208,13
7209,2
7210,12
7211,7
7212,13
7213,14
7214,7
7215,8
7216,7
7217,2
7218,10
7219,10
7220,11
7221,0
7222,13
7223,12
7224,14
7225,2
7226,6
7227,7
7228,14
7229,13
7230,7
7231,12
7232,4
7233,12
7234,2
7235,6
7236,4
7237,13
7238,3
7239,14
7240,4
7241,1
7242,9
7243,4
7244,6
7245,7
7246,6
7247,8
7248,15
7249,0
7250,1
7251,5
7252,15
7253,15
7254,6
7255,1
7256,8
7257,11
7258,14
7259,1
7260,12
7261,4
7262,11
7263,10
7264,1
7265,10
7266,6
7267,2
7268,1
7269,12
7270,0
7271,13
7272,2
7273,10
7274,6
7275,12
7276,11
7277,12
7278,12
7279,15
7280,6
7281,5
7282,12
7283,5
7284,11
7285,1
7286,0
7287,9
7288,12
7289,5
7290,6
7291,14
7292,14
7293,0
7294,15
7295,10
7296,9
7297,7
7298,13
7299,9
7300,1
7301,10
7302,13
7303,5
7304,12
7305,2
7306,3
7307,10
7308,12
7309,2
7310,2
7311,12
7312,13
7313,5
7314,1
7315,2
7316,8
7317,4
7318,14
7319,5
7320,4
7321,4
7322,1
7323,14
7324,8
7325,7
7326,9
7327,15
7328,9
7329,2
7330,6
7331,9
7332,1
7333,12
7334,3
7335,9
7336,12
7337,7
7338,6
7339,15
7340,9
7341,12
7342,5
7343,1
7344,10
7345,10
7346,7
7347,8
7348,12
7349,14
7350,4
7351,14
7352,10
7353,13
7354,12
7355,6
7356,0
7357,10
7358,9
7359,0
7360,14
7361,10
7362,13
7363,10
7364,6
7365,7
7366,7
7367,15
7368,10
7369,5
7370,13
7371,10
7372,3
7373,0
7374,9
7375,13
7376,9
7377,13
7378,10
7379,12
7380,3
7381,5
7382,1
7383,4
7384,6
7385,0
7386,9
7387,4
7388,10
7389,1
7390,9
7391,8
7392,10
7393,2
7394,8
7395,6
7396,13
7397,7
7398,14
7399,12
7400,11
7401,0
7402,14
7403,5
7404,12
7405,4
7406,14
7407,15
7408,12
7409,8
7410,12
7411,3
7412,3
7413,13
7414,13
7415,7
7416,10
7417,0
7418,15
7419,9
7420,5
7421,1
7422,0
7423,10
7424,4
7425,14
7426,9
7427,2
7428,8
7429,15
7430,9
7431,13
7432,5
7433,10
7434,15
7435,1
7436,15
7437,14
7438,11
7439,3
7440,7
7441,1
7442,8
7443,13
7444,12
7445,8
7446,15
7447,10
7448,6
7449,7
7450,15
7451,14
7452,14
7453,11
7454,6
7455,8
7456,13
7457,3
7458,15
7459,1
7460,3
7461,11
7462,13
7463,5
7464,8
7465,12
7466,2
7467,4
7468,5
7469,15
7470,13
7471,15
7472,10
7473,1
7474,11
7475,9
7476,13
7477,10
7478,1
7479,6
7480,5
7481,3
7482,8
7483,4
7484,15
7485,10
7486,14
7487,10
7488,2
7489,1
7490,13
7491,15
7492,14
7493,15
7494,3
7495,14
7496,6
7497,14
7498,10
7499,4
7500,11
7501,4
7502,14
7503,13
7504,15
7505,10
7506,11
7507,5
7508,1
7509,12
7510,11
7511,14
7512,8
7513,2
7514,15
7515,1
7516,10
7517,1
7518,13
7519,10
7520,14
7521,7
7522,10
7523,3
7524,1
7525,0
7526,4
7527,11
7528,6
7529,13
7530,7
7531,2
7532,6
7533,9
7534,10
7535,11
7536,5
7537,11
7538,10
7539,15
7540,11
7541,12
7542,4
7543,12
7544,11
7545,1
7546,13
7547,10
7548,15
7549,7
7550,2
7551,8
7552,15
7553,13
7554,14
7555,7
7556,2
7557,14
7558,6
7559,4
7560,15
7561,2
7562,0
7563,6
7564,9
7565,5
7566,0
7567,7
7568,14
7569,7
7570,0
7571,4
7572,11
7573,13
7574,14
7575,3
7576,13
7577,8
7578,9
7579,8
7580,3
7581,14
7582,13
7583,6
7584,14
7585,15
7586,10
7587,12
7588,7
7589,6
7590,1
7591,4
7592,14
7593,4
7594,12
7595,6
7596,7
7597,8
7598,0
7599,11
7600,12
7601,6
7602,12
7603,0
7604,15
7605,14
7606,3
7607,10
7608,9
7609,1
7610,7
7611,0
7612,13
7613,8
7614,11
7615,9
7616,7
7617,8
7618,14
7619,7
7620,4
7621,2
7622,12
7623,2
7624,1
7625,14
7626,5
7627,8
7628,7
7629,11
7630,10
7631,9
7632,14
7633,12
7634,7
7635,14
7636,14
7637,1
7638,9
7639,9
7640,11
7641,12
7642,5
7643,1
7644,7
7645,12
7646,14
7647,11
7648,9
7649,0
7650,2
7651,0
7652,9
7653,8
7654,12
7655,14
7656,0
7657,11
7658,11
7659,11
7660,9
7661,13
7662,1
7663,13
7664,15
7665,7
7666,9
7667,3
7668,1
7669,10
7670,0
7671,5
7672,13
7673,12
7674,8
7675,13
7676,10
7677,3
7678,4
7679,5
7680,8
7681,9
7682,8
7683,9
7684,12
7685,7
7686,10
7687,6
7688,10
7689,13
7690,9
7691,1
7692,4
7693,8
7694,13
7695,2
7696,13
7697,8
7698,3
7699,2
7700,2
7701,8
7702,15
7703,1
7704,8
7705,7
7706,2
7707,1
7708,2
7709,7
7710,6
7711,10
7712,1
7713,10
7714,4
7715,3
7716,6
7717,10
7718,13
7719,4
7720,9
7721,12
7722,15
7723,4
7724,2
7725,6
7726,9
7727,2
7728,7
7729,3
7730,3
7731,9
7732,7
7733,1
7734,4
7735,13
7736,9
7737,1
7738,14
7739,8
7740,11
7741,8
7742,13
7743,7
7744,13
7745,3
7746,2
7747,15
7748,6
7749,3
7750,0
7751,8
7752,13
7753,6
7754,15
7755,2
7756,4
7757,6
7758,15
7759,13
7760,14
7761,11
7762,4
7763,4
7764,1
7765,14
7766,14
7767,0
7768,15
7769,8
7770,7
7771,5
7772,12
7773,15
7774,1
7775,3
7776,6
7777,0
7778,8
7779,14
7780,5
7781,0
7782,15
7783,13
7784,4
7785,3
7786,0
7787,8
7788,6
7789,7
7790,6
7791,0
7792,5
7793,5
7794,15
7795,1
7796,10
7797,0
7798,13
7799,1
7800,14
7801,7
7802,3
7803,10
7804,4
7805,15
7806,10
7807,13
7808,0
7809,6
7810,11
7811,15
7812,13
7813,9
7814,6
7815,6
7816,14
7817,9
7818,15
7819,1
7820,9
7821,10
7822,4
7823,14
7824,12
7825,1
7826,8
7827,8
7828,15
7829,11
7830,2
7831,10
7832,12
7833,7
7834,5
7835,1
7836,14
7837,9
7838,4
7839,10
7840,13
7841,15
7842,10
7843,5
7844,11
7845,3
7846,12
7847,12
7848,0
7849,3
7850,6
7851,9
7852,3
7853,0
7854,9
7855,10
7856,14
7857,6
7858,4
7859,15
7860,6
7861,5
7862,8
7863,6
7864,1
7865,1
7866,13
7867,0
7868,3
7869,5
7870,15
7871,0
7872,12
7873,15
7874,7
7875,11
7876,1
7877,9
7878,3
7879,5
7880,6
7881,2
7882,11
7883,10
7884,4
7885,13
7886,11
7887,5
7888,2
7889,3
7890,8
7891,6
7892,2
7893,11
7894,10
7895,2
7896,4
7897,5
7898,5
7899,13
7900,11
7901,4
7902,5
7903,2
7904,10
7905,7
7906,15
7907,5
7908,0
7909,14
7910,10
7911,2
7912,5
7913,1
7914,4
7915,11
7916,3
7917,5
7918,4
7919,14
7920,1
7921,7
7922,3
7923,0
7924,8
7925,15
7926,4
7927,7
7928,8
7929,2
7930,1
7931,6
7932,7
7933,10
7934,6
7935,9
7936,2
7937,13
7938,9
7939,1
7940,2
7941,9
7942,9
7943,13
7944,5
7945,3
7946,1
7947,6
7948,13
7949,14
7950,13
7951,2
7952,14
7953,2
7954,8
7955,9
7956,3
7957,0
7958,1
7959,12
7960,8
7961,5
7962,11
7963,5
7964,3
7965,10
7966,10
7967,6
7968,0
7969,4
7970,5
7971,0
7972,14
7973,9
7974,15
7975,13
7976,8
7977,13
7978,10
7979,10
7980,5
7981,13
7982,2
7983,0
7984,7
7985,4
7986,3
7987,4
7988,11
7989,11
7990,12
7991,13
7992,1
7993,3
7994,9
7995,10
7996,3
7997,3
7998,11
7999,4
8000,7
8001,1
8002,0
8003,9
8004,12
8005,13
8006,9
8007,8
8008,1
8009,4
8010,6
8011,6
8012,5
8013,7
8014,3
8015,0
8016,14
8017,5
8018,6
8019,8
8020,7
8021,14
8022,3
8023,6
8024,14
8025,8
8026,4
8027,2
8028,1
8029,5
8030,14
8031,14
8032,1
8033,5
8034,8
8035,15
8036,15
8037,3
8038,8
8039,12
8040,2
8041,15
8042,7
8043,11
8044,2
8045,5
8046,15
8047,5
8048,5
8049,7
8050,4
8051,10
8052,4
8053,15
8054,11
8055,12
8056,10
8057,13
8058,1
8059,3
8060,12
8061,3
8062,6
8063,3
8064,4
8065,5
8066,5
8067,9
8068,0
8069,1
8070,5
8071,4
8072,4
8073,9
8074,6
8075,8
8076,14
8077,5
8078,15
8079,1
8080,13
8081,8
8082,3
8083,12
8084,6
8085,13
8086,6
8087,14
8088,11
8089,13
8090,13
8091,12
8092,2
8093,2
8094,13
8095,6
8096,3
8097,7
8098,10
8099,12
8100,7
8101,13
8102,6
8103,9
8104,1
8105,8
8106,10
8107,9
8108,6
8109,3
8110,4
8111,6
8112,5
8113,13
8114,10
8115,2
8116,9
8117,12
8118,13
8119,6
8120,11
8121,2
8122,5
8123,7
8124,6
8125,0
8126,8
8127,9
8128,11
8129,5
8130,5
8131,2
8132,12
8133,9
8134,13
8135,15
8136,7
8137,14
8138,2
8139,12
8140,5
8141,12
8142,5
8143,8
8144,12
8145,11
8146,15
8147,10
8148,11
8149,4
8150,4
8151,9
8152,2
8153,12
8154,5
8155,6
8156,15
8157,15
8158,2
8159,6
8160,12
8161,15
8162,3
8163,12
8164,5
8165,1
8166,11
8167,8
8168,5
8169,2
8170,14
8171,0
8172,3
8173,7
8174,1
8175,7
8176,5
8177,8
8178,7
8179,3
8180,7
8181,0
8182,2
8183,8
8184,12
8185,15
8186,14
8187,15
8188,5
8189,3
8190,13
8191,9
8192,9
8193,2
8194,7
8195,2
8196,1
8197,5
8198,13
8199,4
8200,15
8201,5
8202,11
8203,5
8204,5
8205,9
8206,15
8207,14
8208,2
8209,0
8210,7
8211,2
8212,0
8213,10
8214,8
8215,4
8216,11
8217,13
8218,7
8219,14
8220,1
8221,10
8222,13
8223,3
8224,10
8225,4
8226,6
8227,3
8228,14
8229,10
8230,8
8231,10
8232,9
8233,3
8234,13
8235,7
8236,6
8237,1
8238,15
8239,15
8240,3
8241,11
8242,6
8243,12
8244,6
8245,6
8246,12
8247,9
8248,13
8249,8
8250,2
8251,3
8252,10
8253,9
8254,0
8255,2
8256,12
8257,6
8258,9
8259,4
8260,14
8261,15
8262,3
8263,10
8264,13
8265,0
8266,3
8267,12
8268,3
8269,2
8270,5
8271,13
8272,13
8273,9
8274,13
8275,4
8276,11
8277,15
8278,5
8279,14
8280,10
8281,0
8282,13
8283,14
8284,8
8285,1
8286,6
8287,4
8288,3
8289,14
8290,11
8291,7
8292,5
8293,9
8294,10
8295,13
8296,8
8297,1
8298,8
8299,2
8300,12
8301,12
8302,11
8303,5
8304,12
8305,0
8306,6
8307,14
8308,6
8309,8
8310,3
8311,2
8312,13
8313,9
8314,15
8315,2
8316,9
8317,3
8318,9
8319,7
8320,15
8321,9
8322,10
8323,11
8324,7
8325,10
8326,13
8327,3
8328,3
8329,6
8330,14
8331,6
8332,1
8333,4
8334,8
8335,12
8336,6
8337,13
8338,4
8339,6
8340,2
8341,10
8342,0
8343,3
8344,9
8345,12
8346,4
8347,7
8348,13
8349,11
8350,10
8351,9
8352,6
8353,10
8354,13
8355,7
8356,1
8357,1
8358,6
8359,14
8360,5
8361,14
8362,15
8363,1
8364,5
8365,3
8366,1
8367,15
8368,6
8369,3
8370,7
8371,10
8372,2
8373,10
8374,15
8375,14
8376,11
8377,13
8378,14
8379,14
8380,15
8381,13
8382,6
8383,5
8384,3
8385,2
8386,9
8387,10
8388,9
8389,0
8390,15
8391,12
8392,2
8393,6
8394,12
8395,0
8396,0
8397,4
8398,1
8399,0
8400,10
8401,8
8402,14
8403,11
8404,11
8405,13
8406,6
8407,2
8408,7
8409,10
8410,12
8411,2
8412,15
8413,1
8414,12
8415,11
8416,15
8417,9
8418,13
8419,6
8420,3
8421,5
8422,1
8423,11
8424,1
8425,2
8426,5
8427,8
8428,10
8429,1
8430,13
8431,15
8432,2
8433,2
8434,12
8435,12
8436,14
8437,2
8438,6
8439,12
8440,10
8441,7
8442,7
8443,8
8444,5
8445,2
8446,11
8447,8
8448,13
8449,9
8450,13
8451,12
8452,0
8453,15
8454,11
8455,12
8456,6
8457,5
8458,6
8459,0
8460,15
8461,0
8462,0
8463,8
8464,0
8465,6
8466,5
8467,4
8468,15
8469,15
8470,8
8471,3
8472,7
8473,12
8474,14
8475,3
8476,4
8477,9
8478,4
8479,2
8480,5
8481,3
8482,11
8483,6
8484,0
8485,7
8486,7
8487,3
8488,6
8489,9
8490,14
8491,7
8492,0
8493,10
8494,4
8495,11
8496,3
8497,7
8498,2
8499,11
8500,11
8501,2
8502,13
8503,11
8504,14
8505,7
8506,1
8507,7
8508,4
8509,4
8510,15
8511,12
8512,6
8513,15
8514,3
8515,9
8516,11
8517,3
8518,2
8519,7
8520,11
8521,10
8522,12
8523,8
8524,15
8525,10
8526,7
8527,7
8528,9
8529,12
8530,4
8531,12
8532,15
8533,9
8534,5
8535,15
8536,15
8537,1
8538,3
8539,8
8540,9
8541,10
8542,13
8543,13
8544,14
8545,1
8546,7
8547,11
8548,0
8549,2
8550,14
8551,7
8552,8
8553,1
8554,14
8555,5
8556,4
8557,11
8558,7
8559,2
8560,1
8561,9
8562,9
8563,14
8564,4
8565,4
8566,6
8567,2
8568,11
8569,3
8570,7
8571,11
8572,12
8573,10
8574,13
8575,15
8576,2
8577,10
8578,0
8579,12
8580,10
8581,14
8582,3
8583,12
8584,13
8585,9
8586,8
8587,15
8588,5
8589,8
8590,3
8591,0
8592,6
8593,15
8594,13
8595,8
8596,6
8597,11
8598,7
8599,15
8600,15
8601,11
8602,7
8603,9
8604,10
8605,3
8606,11
8607,8
8608,0
8609,4
8610,6
8611,12
8612,5
8613,1
8614,4
8615,4
8616,1
8617,15
8618,5
8619,1
8620,11
8621,3
8622,0
8623,7
8624,13
8625,15
8626,12
8627,14
8628,2
8629,4
8630,4
8631,1
8632,11
8633,11
8634,4
8635,11
8636,14
8637,11
8638,3
8639,14
8640,7
8641,7
8642,2
8643,7
8644,12
8645,7
8646,8
8647,6
8648,0
8649,10
8650,15
8651,4
8652,11
8653,13
8654,11
8655,9
8656,3
8657,15
8658,10
8659,11
8660,13
8661,4
8662,0
8663,8
8664,1
8665,6
8666,5
8667,3
8668,3
8669,7
8670,14
8671,2
8672,15
8673,8
8674,12
8675,1
8676,7
8677,3
8678,1
8679,8
8680,3
8681,3
8682,11
8683,4
8684,10
8685,7
8686,11
8687,3
8688,1
8689,7
8690,3
8691,9
8692,7
8693,5
8694,7
8695,14
8696,3
8697,6
8698,11
8699,11
8700,13
8701,14
8702,7
8703,11
8704,4
8705,6
8706,15
8707,14
8708,3
8709,2
8710,14
8711,12
8712,15
8713,4
8714,12
8715,2
8716,3
8717,0
8718,0
8719,15
8720,0
8721,9
8722,7
8723,12
8724,3
8725,2
8726,6
8727,2
8728,2
8729,4
8730,8
8731,11
8732,0
8733,7
8734,9
8735,4
8736,13
8737,14
8738,13
8739,0
8740,15
8741,10
8742,8
8743,15
8744,15
8745,2
8746,13
8747,15
8748,4
8749,11
8750,12
8751,10
8752,13
8753,12
8754,14
8755,8
8756,9
8757,4
8758,10
8759,9
8760,6
8761,3
8762,15
8763,12
8764,15
8765,9
8766,8
8767,8
8768,6
8769,13
8770,6
8771,1
8772,4
8773,6
8774,14
8775,6
8776,8
8777,4
8778,12
8779,6
8780,1
8781,7
8782,4
8783,15
8784,2
8785,13
8786,14
8787,7
8788,8
8789,8
8790,15
8791,12
8792,6
8793,0
8794,4
8795,10
8796,9
8797,13
8798,13
8799,8
8800,7
8801,1
8802,2
8803,5
8804,3
8805,3
8806,10
8807,10
8808,6
8809,13
8810,11
8811,4
8812,6
8813,9
8814,1
8815,9
8816,6
8817,2
8818,2
8819,2
8820,7
8821,4
8822,13
8823,1
8824,8
8825,14
8826,8
8827,1
8828,8
8829,7
8830,0
8831,0
8832,8
8833,2
8834,10
8835,7
8836,14
8837,1
8838,0
8839,13
8840,0
8841,2
8842,6
8843,6
8844,6
8845,5
8846,11
8847,4
8848,5
8849,10
8850,3
8851,15
8852,1
8853,9
8854,13
8855,4
8856,6
8857,6
8858,11
8859,1
8860,12
8861,0
8862,12
8863,12
8864,11
8865,15
8866,1
8867,10
8868,13
8869,8
8870,13
8871,3
8872,15
8873,7
8874,9
8875,15
8876,8
8877,3
8878,14
8879,5
8880,11
8881,2
8882,4
8883,4
8884,11
8885,9
8886,9
8887,12
8888,2
8889,10
8890,4
8891,2
8892,8
8893,5
8894,15
8895,0
8896,6
8897,10
8898,4
8899,8
8900,14
8901,3
8902,6
8903,4
8904,3
8905,15
8906,15
8907,7
8908,5
8909,1
8910,11
8911,1
8912,11
8913,6
8914,6
8915,10
8916,6
8917,1
8918,5
8919,14
8920,1
8921,6
8922,1
8923,5
8924,7
8925,5
8926,15
8927,1
8928,9
8929,5
8930,7
8931,2
8932,14
8933,8
8934,3
8935,10
8936,0
8937,13
8938,13
8939,2
8940,9
8941,9
8942,14
8943,13
8944,14
8945,9
8946,11
8947,7
8948,15
8949,11
8950,4
8951,11
8952,8
8953,14
8954,7
8955,2
8956,4
8957,4
8958,13
8959,13
8960,1
8961,15
8962,12
8963,12
8964,3
8965,10
8966,11
8967,14
8968,10
8969,4
8970,0
8971,2
8972,5
8973,10
8974,12
8975,5
8976,9
8977,0
8978,0
8979,11
8980,15
8981,11
8982,15
8983,14
8984,0
8985,7
8986,5
8987,7
8988,9
8989,6
8990,7
8991,12
8992,5
8993,1
8994,4
8995,6
8996,2
8997,15
8998,10
8999,1
9000,2
9001,0
9002,7
9003,3
9004,11
9005,9
9006,11
9007,7
9008,4
9009,7
9010,12
9011,5
9012,3
9013,13
9014,15
9015,2
9016,2
9017,8
9018,15
9019,5
9020,3
9021,4
9022,10
9023,11
9024,5
9025,11
9026,9
9027,2
9028,0
9029,9
9030,9
9031,12
9032,5
9033,5
9034,14
9035,0
9036,15
9037,12
9038,2
9039,6
9040,13
9041,10
9042,8
9043,4
9044,2
9045,3
9047,15
9048,6
9049,12
9050,6
9051,7
9052,4
9053,3
9054,6
9055,2
9056,10
9057,10
9058,13
9059,6
9060,10
9061,12
9062,14
9063,11
9064,15
9065,10
9066,1
9067,6
9068,11
9069,2
9070,2
9071,5
9072,3
9073,5
9074,11
9075,14
9076,12
9077,10
9078,14
9079,14
9080,8
9081,11
9082,8
9083,8
9084,14
9085,10
9086,9
9087,11
9088,12
9089,4
9090,0
9091,15
9092,3
9093,6
9094,7
9095,13
9096,0
9097,0
9098,12
9099,2
9100,8
9101,8
9102,15
9103,3
9104,7
9105,6
9106,7
9107,9
9108,12
9109,4
9110,2
9111,5
9112,6
9113,15
9114,4
9115,9
9116,9
9117,15
9118,11
9119,2
9120,6
9121,13
9122,9
9123,3
9124,8
9125,13
9126,8
9127,12
9128,12
9129,9
9130,10
9131,4
9132,2
9133,9
9134,4
9135,4
9136,5
9137,2
9138,8
9139,13
9140,10
9141,15
9142,7
9143,10
9144,7
9145,13
9146,15
9147,5
9148,6
9149,1
9150,7
9151,11
9152,13
9153,2
9154,12
9155,5
9156,14
9157,8
9158,11
9159,3
9160,7
9161,15
9162,11
9163,11
9164,14
9165,10
9166,13
9167,13
9168,2
9169,9
9170,2
9171,12
9172,7
9173,5
9174,11
9175,6
9176,9
9177,10
9178,4
9179,5
9180,12
9181,0
9182,11
9183,5
9184,13
9185,4
9186,4
9187,0
9188,8
9189,7
9190,8
9191,9
9192,14
9193,6
9194,11
9195,13
9196,14
9197,7
9198,1
9199,6
9200,13
9201,4
9202,6
9203,8
9204,14
9205,8
9206,4
9207,8
9208,10
9209,14
9210,10
9211,1
9212,14
9213,1
9214,13
9215,4
9216,5
9217,0
9218,11
9219,14
9220,10
9221,1
9222,2
9223,11
9224,4
9225,3
9226,9
9227,6
9228,12
9229,5
9230,14
9231,7
9232,11
9233,11
9234,1
9235,13
9236,6
9237,4
9238,5
9239,10
9240,5
9241,13
9242,13
9243,1
9244,7
9245,0
9246,1
9247,0
9248,13
9249,12
9250,0
9251,9
9252,6
9253,11
9254,12
9255,0
9256,12
9257,0
9258,9
9259,10
9260,14
9261,15
9262,11
9263,10
9264,5
9265,8
9266,10
9267,2
9268,2
9269,8
9270,2
9271,10
9272,1
9273,1
9274,10
9275,4
9276,14
9277,0
9278,1
9279,4
9280,8
9281,6
9282,5
9283,8
9284,8
9285,6
9286,15
9287,8
9288,6
9289,6
9290,2
9291,11
9292,3
9293,7
9294,7
9295,14
9296,0
9297,0
9298,13
9299,1
9300,0
9301,2
9302,0
9303,5
9304,10
9305,7
9306,14
9307,4
9308,11
9309,5
9310,0
9311,7
9312,0
9313,4
9314,4
9315,4
9316,7
9317,9
9318,1
9319,3
9320,11
9321,12
9322,15
9323,12
9324,9
9325,8
9326,4
9327,11
9328,4
9329,8
9330,2
9331,7
9332,2
9333,12
9334,7
9335,6
9336,11
9337,12
9338,3
9339,9
9340,5
9341,2
9342,13
9343,0
9344,1
9345,9
9346,6
9347,5
9348,5
9349,14
9350,13
9351,10
9352,15
9353,15
9354,5
9355,1
9356,7
9357,0
9358,8
9359,4
9360,6
9361,12
9362,11
9363,12
9364,10
9365,13
9366,13
9367,4
9368,13
9369,14
9370,13
9371,14
9372,8
9373,12
9374,15
9375,4
9376,1
9377,1
9378,1
9379,3
9380,3
9381,8
9382,2
9383,2
9384,3
9385,8
9386,13
9387,12
9388,9
9389,13
9390,1
9391,11
9392,7
9393,9
9394,12
9395,11
9396,12
9397,15
9398,13
9399,4
9400,13
9401,12
9402,13
9403,8
9404,13
9405,9
9406,13
9407,9
9408,8
9409,12
9410,6
9411,8
9412,12
9413,13
9414,13
9415,14
9416,12
9417,7
9418,5
9419,2
9420,15
9421,0
9422,0
9423,12
9424,0
9425,15
9426,1
9427,8
9428,7
9429,2
9430,1
9431,7
9432,14
9433,10
9434,6
9435,6
9436,10
9437,13
9438,2
9439,8
9440,3
9441,10
9442,0
9443,5
9444,4
9445,15
9446,11
9447,1
9448,10
9449,8
9450,0
9451,3
9452,2
9453,1
9454,2
9455,5
9456,11
9457,4
9458,11
9459,10
9460,5
9461,13
9462,12
9463,12
9464,3
9465,2
9466,10
9467,8
9468,12
9469,1
9470,5
9471,2
9472,14
9473,1
9474,15
9475,2
9476,15
9477,14
9478,6
9479,13
9480,13
9481,5
9482,1
9483,4
9484,10
9485,9
9486,12
9487,5
9488,2
9489,6
9490,11
9491,6
9492,6
9493,12
9494,14
9495,11
9496,6
9497,0
9498,4
9499,0
9500,10
9501,7
9502,0
9503,0
9504,1
9505,9
9506,3
9507,8
9508,5
9509,7
9510,10
9511,3
9512,7
9513,0
9514,5
9515,7
9516,9
9517,11
9518,8
9519,0
9520,6
9521,3
9522,1
9523,13
9524,2
9525,14
9526,3
9527,2
9528,11
9529,3
9530,10
9531,2
9532,15
9533,3
9534,5
9535,9
9536,4
9537,9
9538,13
9539,13
9540,4
9541,1
9542,12
9543,12
9544,11
9545,15
9546,12
9547,4
9548,7
9549,13
9550,5
9551,12
9552,7
9553,15
9554,13
9555,5
9556,8
9557,14
9558,4
9559,3
9560,0
9561,9
9562,11
9563,12
9564,12
9565,3
9566,3
9567,4
9568,10
9569,13
9570,5
9571,14
9572,13
9573,12
9574,1
9575,3
9576,9
9577,14
9578,14
9579,6
9580,0
9581,4
9582,5
9583,7
9584,11
9585,11
9586,10
9587,15
9588,4
9589,1
9590,13
9591,9
9592,8
9593,11
9594,13
9595,0
9596,3
9597,4
9598,11
9599,14
9600,9
9601,11
9602,15
9603,2
9604,11
9605,0
9606,15
9607,8
9608,8
9609,15
9610,7
9611,12
9612,6
9613,10
9614,1
9615,14
9616,9
9617,1
9618,5
9619,6
9620,15
9621,1
9622,1
9623,8
9624,8
9625,3
9626,15
9627,5
9628,0
9629,4
9630,2
9631,11
9632,14
9633,7
9634,7
9635,7
9636,11
9637,15
9638,7
9639,6
9640,13
9641,7
9642,5
9643,14
9644,8
9645,12
9646,14
9647,10
9648,11
9649,5
9650,15
9651,9
9652,3
9653,12
9654,6
9655,8
9656,9
9657,13
9658,1
9659,1
9660,14
9661,4
9662,8
9663,3
9664,12
9665,9
9666,1
9667,3
9668,13
9669,7
9670,0
9671,0
9672,4
9673,9
9674,7
9675,14
9676,14
9677,2
9678,10
9679,3
9680,12
9681,5
9682,6
9683,3
9684,5
9685,0
9686,3
9687,7
9688,9
9689,2
9690,0
9691,13
9692,12
9693,1
9694,0
9695,2
9696,4
9697,8
9698,15
9699,15
9700,13
9701,6
9702,1
9703,4
9704,6
9705,15
9706,4
9707,4
9708,15
9709,12
9710,10
9711,3
9712,7
9713,14
9714,5
9715,6
9716,9
9717,13
9718,2
9719,2
9720,1
9721,10
9722,3
9723,11
9724,7
9725,1
9726,9
9727,10
9728,14
9729,12
9730,3
9731,0
9732,3
9733,7
9734,0
9735,11
9736,5
9737,14
9738,2
9739,5
9740,7
9741,11
9742,10
9743,9
9744,3
9745,13
9746,7
9747,15
9748,14
9749,0
9750,6
9751,15
9752,11
9753,4
9754,1
9755,12
9756,3
9757,14
9758,11
9759,8
9760,14
9761,8
9762,6
9763,10
9764,4
9765,4
9766,15
9767,4
9768,9
9769,14
9770,6
9771,5
9772,5
9773,9
9774,4
9775,0
9776,13
9777,7
9778,15
9779,4
9780,9
9781,8
9782,8
9783,5
9784,3
9785,3
9786,1
9787,4
9788,13
9789,5
9790,14
9791,1
9792,2
9793,7
9794,12
9795,6
9796,2
9797,0
9798,10
9799,10
9800,8
9801,14
9802,0
9803,2
9804,10
9805,3
9806,15
9807,8
9808,0
9809,5
9810,8
9811,5
9812,1
9813,8
9814,6
9815,2
9816,14
9817,5
9818,0
9819,5
9820,5
9821,11
9822,3
9823,0
9824,0
9825,14
9826,4
9827,1
9828,12
9829,4
9830,11
9831,0
9832,9
9833,2
9834,1
9835,10
9836,14
9837,8
9838,15
9839,10
9840,9
9841,2
9842,3
9843,13
9844,8
9845,10
9846,2
9847,10
9848,0
9849,2
9850,9
9851,3
9852,10
9853,13
9854,1
9855,2
9856,8
9857,4
9858,3
9859,11
9860,10
9861,3
9862,15
9863,0
9864,3
9865,13
9866,2
9867,13
9868,14
9869,14
9870,9
9871,15
9872,3
9873,2
9874,5
9875,13
9876,10
9877,5
9878,10
9879,5
9880,15
9881,7
9882,9
9883,12
9884,3
9885,9
9886,5
9887,1
9888,15
9889,15
9890,1
9891,6
9892,12
9893,11
9894,13
9895,1
9896,1
9897,11
9898,5
9899,10
9900,1
9901,10
9902,14
9903,8
9904,13
9905,2
9906,10
9907,10
9908,1
9909,14
9910,14
9911,13
9912,10
9913,14
9914,7
9915,7
9916,15
9917,12
9918,9
9919,1
9920,15
9921,2
9922,11
9923,14
9924,9
9925,10
9926,0
9927,0
9928,5
9929,4
9930,12
9931,0
9932,15
9933,15
9934,2
9935,12
9936,5
9937,7
9938,6
9939,13
9940,14
9941,10
9942,6
9943,9
9944,6
9945,15
9946,8
9947,6
9948,2
9949,2
9950,5
9951,11
9952,13
9953,3
9954,3
9955,11
9956,3
